threshold,dice,iou,sensitivity,specificity,precision,mae,tp,tn,fp,fn
0.01,0.04127804917876575,0.02107397079072866,0.7236509375443849,0.9273113347542802,0.021244945098198218,0.0731317400932312,15167,8914089,698744,5792
0.02,0.05864394158772063,0.030207720697913627,0.6763681473349509,0.9533618237204361,0.030650744538930064,0.04724079743027687,14176,9164508,448325,6783
0.03,0.08419056938413295,0.04394516909600375,0.6568061453310479,0.9695932510218362,0.04497796190955251,0.03108724020421505,13766,9320538,292295,7193
0.04,0.12875123771802266,0.06880498216656734,0.6452120807287346,0.9817346249539538,0.07151053647444162,0.01899750344455242,13523,9437251,175582,7436
0.05,0.18397122083588113,0.10130413292269484,0.6356219285268211,0.988500164311602,0.10754997255141703,0.01226754765957594,13322,9502287,110546,7637
0.06,0.2328981446287726,0.1317966725691916,0.6285605229254122,0.9917820272129965,0.1429284381373798,0.009008186869323254,13174,9533835,78998,7785
0.07,0.2756465084845698,0.1598549890384255,0.6227396345242507,0.9936865646162781,0.17699547069510227,0.007120457012206316,13052,9552143,60690,7907
0.08,0.3087589498806314,0.18256353809460754,0.6172527315231561,0.9948086063702543,0.2058687799366328,0.00601279316470027,12937,9562929,49904,8022
0.09,0.3342582099078596,0.20066628087020025,0.6121475261221374,0.9955291015666236,0.22989535550454598,0.0053049721755087376,12830,9569855,42978,8129
0.1,0.35557915030939863,0.21623366693282992,0.6071854573211474,0.9960579779134819,0.2514026076649049,0.0047880420461297035,12726,9574939,37894,8233
0.11,0.3722943722943175,0.2287234042552778,0.6031776325203477,0.9964305007691271,0.26923650303476326,0.004425048828125,12642,9578520,34313,8317
0.12,0.3858176956060083,0.23901742359321357,0.598883534519491,0.9967173048777599,0.28457422689755046,0.0041482108645141125,12552,9581277,31556,8407
0.13,0.3975790395794541,0.24811148218824586,0.595495968318815,0.9969473099137363,0.2984029072824802,0.003926075994968414,12481,9583488,29345,8478
0.14,0.40707006055825135,0.25554800024721197,0.591726704518063,0.9971317508584608,0.3102516635812503,0.0037502367049455643,12402,9585261,27572,8557
0.15,0.41509497507739207,0.2619052678551899,0.58805286511733,0.9972848794939005,0.3207547169810486,0.0036054339725524187,12325,9586733,26100,8634
0.16,0.4219142277400657,0.2673582356273662,0.5853332697167873,0.9974069038752666,0.3298292781286921,0.003489591646939516,12268,9587906,24927,8691
0.17,0.42820355610047683,0.27242939616158696,0.5831385085163494,0.997513324115793,0.3383158943696124,0.0033881778363138437,12222,9588929,23904,8737
0.18,0.4328297118857451,0.2761855014534257,0.5802280643157688,0.9975997710560446,0.34514957143658254,0.0033082508016377687,12161,9589760,23073,8798
0.19,0.4371183930054487,0.279687463880284,0.5772699079151785,0.9976801843951716,0.3517253408528295,0.003234448144212365,12099,9590533,22300,8860
0.2,0.4415275336847464,0.28330788206266105,0.5753614199147977,0.9977523795534564,0.35820585177473396,0.00316656194627285,12059,9591227,21606,8900
0.21,0.4444321042498807,0.28570408624662996,0.5727849611142837,0.9978091786261127,0.3630727355208338,0.003115491708740592,12005,9591773,21060,8954
0.22,0.4476555919512499,0.2883738876696437,0.5705424877138363,0.9978666018644026,0.368323784882533,0.00306307221762836,11958,9592325,20508,9001
0.23,0.4503261177804234,0.29059411979985594,0.5682523021133793,0.9979167431703007,0.37293336673335015,0.00301802228204906,11910,9592807,20026,9049
0.24,0.4530793747732784,0.29289115898036056,0.5663438141129985,0.9979643878136644,0.3775685476174128,0.0029746333602815866,11870,9593265,19568,9089
0.25,0.4553734763435221,0.2948113795596044,0.5641490529125606,0.9980080794080154,0.38176417409260566,0.0029358118772506714,11824,9593685,19148,9135
0.26,0.4576320540445213,0.2967074460050605,0.5623837015122084,0.9980477139257481,0.38577600314185184,0.0029001040384173393,11787,9594066,18767,9172
0.27,0.45967789280044236,0.2984297184672481,0.5603797891118085,0.9980862041398192,0.3896556300177859,0.002866057213395834,11745,9594436,18397,9214
0.28,0.4619235317302992,0.30032546577476227,0.5591392719115611,0.9981210533876944,0.3935059265973629,0.0028339826967567205,11719,9594771,18062,9240
0.29,0.4633212294381683,0.3015081865605337,0.5570399351111421,0.9981521576417681,0.3965962361572129,0.0028075133450329304,11675,9595070,17763,9284
0.3,0.46510326076081787,0.303019251308958,0.5549883105107328,0.9981870068896433,0.40027529249814164,0.0027772034518420696,11632,9595405,17428,9327
0.31,0.46678078743319573,0.30444491146947295,0.5529366859103235,0.9982203997510402,0.40385419570657793,0.0027483466546982527,11589,9595726,17107,9370
0.32,0.46827647678460654,0.3057186689942587,0.5514576077100284,0.9982474469284955,0.40690019362773916,0.0027245760429650545,11558,9595986,16847,9401
0.33,0.47014697188974663,0.307315123251084,0.5502170905097808,0.9982766786856685,0.41042067051021053,0.002698106924071908,11532,9596267,16566,9427
0.34,0.47143735903209527,0.30841873692109556,0.5484994513094381,0.9983027896146734,0.41336161950292566,0.0026757896412163973,11496,9596518,16315,9463
0.35,0.47302955919047984,0.3097830491988464,0.5470680853091526,0.9983299408197345,0.4166424418603137,0.00265181134454906,11466,9596779,16054,9493
0.36,0.4743371644329127,0.3109056295892546,0.5454458705088289,0.9983552195278947,0.4196307308297839,0.0026301168836653233,11432,9597022,15811,9527
0.37,0.47599365397451654,0.31233049338401986,0.5439667923085338,0.9983829948985893,0.4231211727591675,0.002605619840323925,11401,9597289,15544,9558
0.38,0.4777824443510127,0.31387264098876677,0.5427739873082958,0.998409938048439,0.42669067176759057,0.002581330481916666,11376,9597548,15285,9583
0.39,0.4787559950137376,0.3147134801810187,0.5405792261078579,0.9984352167565993,0.4296223267099842,0.002560881432145834,11330,9597791,15042,9629
0.4,0.4792321413402533,0.31512511170679314,0.53838446490742,0.9984552940844796,0.43179122182664376,0.002545622643083334,11284,9597984,14849,9675
0.41,0.48056190089868267,0.3162760636204361,0.5370008111071439,0.9984783882129223,0.4348582026116858,0.002525589196011424,11255,9598206,14627,9704
0.42,0.48192357234854405,0.31745672587387785,0.5355217329068488,0.9985023145622097,0.43807813902640874,0.0025049326941370964,11224,9598436,14397,9735
0.43,0.4828285443091547,0.31824257073785917,0.5339472303065347,0.9985221838348789,0.4406425955819819,0.002488532103598118,11191,9598627,14206,9768
0.44,0.4838940586971034,0.31916902738423353,0.5321818789061824,0.9985448618528993,0.4436401240949631,0.0024697440676391125,11154,9598845,13988,9805
0.45,0.4847652674250284,0.31992750496236594,0.5306073763058683,0.9985642109875403,0.4462143401675375,0.0024538624566048384,11121,9599031,13802,9838
0.46,0.48595837897032074,0.32096764859068205,0.5292237225055922,0.9985853285914768,0.44923251387126917,0.0024358010850846767,11092,9599234,13599,9867
0.47,0.48670657628301645,0.32162075685729036,0.527553795505259,0.9986039495328787,0.4517301956937322,0.002420853590592742,11057,9599413,13420,9902
0.48,0.48772721241862643,0.3225127215299987,0.526170141704983,0.9986231946399142,0.4545192268060608,0.0024046606849879026,11028,9599598,13235,9931
0.49,0.4886578239906489,0.32332706103718595,0.5246910635046879,0.998642127664133,0.4572557172555271,0.002388986526057124,10997,9599780,13053,9962
0.5,0.4896209990624326,0.3241709522964107,0.5233074097044118,0.9986606445779294,0.46000922702660735,0.0023735202848911285,10968,9599958,12875,9991
0.51,0.4905999012876362,0.32502972651595574,0.5216851949040882,0.9986808259334153,0.46301079822127333,0.0023569120094180107,10934,9600152,12681,10025
0.52,0.49150592216570976,0.3258255563530971,0.5197289947036978,0.9987024636753796,0.46619019087543173,0.002339577302336693,10893,9600360,12473,10066
0.53,0.49218148030628384,0.3264195749540607,0.5181067799033742,0.9987196282303032,0.4687270686750685,0.002325979294255376,10859,9600525,12308,10100
0.54,0.49314694230670436,0.3272694306780106,0.5167231261030981,0.9987378330612828,0.4716282715670985,0.0023108243476599455,10830,9600700,12133,10129
0.55,0.4935920908091145,0.32766164316956503,0.5145283649026602,0.9987565580302904,0.47429300259468077,0.0022969148121774197,10784,9600880,11953,10175
0.56,0.49406678318450603,0.32808014171390626,0.5125244525022603,0.998774242723242,0.4768923418421856,0.0022836283314973116,10742,9601050,11783,10217
0.57,0.49467630551758907,0.32861789615799414,0.5109499499019462,0.998790262974504,0.4794072880291524,0.0022710682824254036,10709,9601204,11629,10250
0.58,0.49566105155680185,0.32948761452314235,0.5096140083016797,0.9988080516950613,0.48245178192308485,0.002256224863231182,10681,9601375,11458,10278
0.59,0.49679300291533607,0.3304887509696414,0.5081349301013846,0.998828024995336,0.48594634057287556,0.0022395127452909946,10650,9601567,11266,10309
0.6,0.49763255356042907,0.33123225262884787,0.5064650031010514,0.9988465419091324,0.48910288900129517,0.0022246690932661295,10615,9601745,11088,10344
0.61,0.49872737556549335,0.3322030705471313,0.5048427883007277,0.9988669313198295,0.4927583476922215,0.002207853365689516,10581,9601941,10892,10378
0.62,0.4993134144607938,0.3327233142964274,0.503125149100385,0.998883367681514,0.49555900183255996,0.002195189706981182,10545,9602099,10734,10414
0.63,0.5002616929151401,0.3335659898476099,0.5016460709000898,0.9989013644572823,0.49888493475658413,0.0021804498974233866,10514,9602272,10561,10445
0.64,0.5005138009318915,0.3337902017657432,0.49964215849969,0.9989166565153051,0.5013884898972989,0.0021695506293326616,10472,9602419,10414,10487
0.65,0.500648383843115,0.33390992376182527,0.49735197289923305,0.9989327807941728,0.5039887830583069,0.002158443909138441,10424,9602574,10259,10535
0.66,0.5013512209245002,0.3345355015294366,0.4956820458988999,0.9989497372938853,0.5071515743224275,0.002145157428458333,10389,9602737,10096,10570
0.67,0.50198893955552,0.33510362694289664,0.4937258456985096,0.9989679421248648,0.5105333267548914,0.002131247892975807,10348,9602912,9921,10611
0.68,0.50302232621612,0.33602526946486827,0.4923421918982335,0.998985730845422,0.5141760924806845,0.0021165083162486553,10319,9603083,9750,10640
0.69,0.5040227629512107,0.33691873811230505,0.49019514289780514,0.9990080967806255,0.5186531374625076,0.0020988620817661285,10274,9603298,9535,10685
0.7,0.5043902920282892,0.337247270688236,0.4878572450973387,0.9990263016116051,0.5220832269591411,0.002085783053189516,10225,9603473,9360,10734
0.71,0.5049463218703035,0.3377446102818117,0.4858533326969388,0.9990438822769511,0.5256013213582504,0.002072600182145834,10183,9603642,9191,10776
0.72,0.5060583395660668,0.3387403624710995,0.48423111789661516,0.9990635434944091,0.5299462169074566,0.0020565111190080643,10149,9603831,9002,10810
0.73,0.5066005360585891,0.3392264081316585,0.48246576649626294,0.9990793556904599,0.5332770804764617,0.0020445738919079304,10112,9603983,8850,10847
0.74,0.5068634611992779,0.3394622313685977,0.48008015649578695,0.9990968323282003,0.5368117797692399,0.0020323253702372313,10062,9604151,8682,10897
0.75,0.5072199422403336,0.3397820995824119,0.47764683429530147,0.9991153492419966,0.54069673237886,0.002019142732024193,10011,9604329,8504,10948
0.76,0.5073036428988943,0.33985722580853917,0.47473639009472074,0.9991346983766378,0.5446682723885785,0.00200616754591465,9950,9604515,8318,11009
0.77,0.506862317539184,0.3394612054153187,0.47134882389404487,0.9991529032076174,0.5481633558980423,0.0019953721202909946,9879,9604690,8143,11080
0.78,0.5063421943216032,0.33899477671301703,0.4675795600932928,0.9991729805354977,0.552112676056027,0.0019835387356579304,9800,9604883,7950,11159
0.79,0.5068824646768216,0.33947927921636073,0.46471682809272163,0.9991956585535181,0.5574633699630509,0.001967138145118952,9740,9605101,7732,11219
0.8,0.5069751616194659,0.33956244302631666,0.46209265709219804,0.9992132392188641,0.5615143784783386,0.0019553047604858875,9685,9605270,7563,11274
