mode,threshold,dice,iou,sensitivity,specificity,precision,accuracy,mae,tp,tn,fp,fn
raw_probability_5slice,0.01,0.01216742093147354,0.006120948544456919,0.6848132067366359,0.7582461902750202,0.0061382410751094985,0.7580864315941213,0.2419135719537735,14353,7288894,2323939,6606
raw_probability_5slice,0.02,0.022473673883183793,0.011364538406583129,0.614771697122661,0.8842348556351693,0.011446048559316814,0.8836486193598525,0.11635138094425201,12885,8500002,1112831,8074
raw_probability_5slice,0.03,0.0351348384604304,0.01788155194980428,0.5879574407173109,0.9304901062985274,0.018108477465430074,0.9297449021112342,0.0702551007270813,12323,8944646,668187,8636
raw_probability_5slice,0.04,0.051917257822067076,0.02665043773450003,0.5693496827135983,0.9556009139033198,0.027198712659606338,0.9547605968656985,0.0452394038438797,11933,9186032,426801,9026
raw_probability_5slice,0.05,0.06428877433976687,0.033211965445847556,0.5548928861107139,0.9657524477955657,0.034120981322942494,0.964858593583917,0.03514140471816063,11630,9283617,329216,9329
raw_probability_5slice,0.06,0.07614226721726135,0.03957790948872626,0.5454458705088289,0.9721321487640523,0.040927821395453944,0.9712038624043358,0.028796138241887093,11432,9344944,267889,9527
raw_probability_5slice,0.07,0.096271737502937,0.05057010467274371,0.5368576745071154,0.9790338602574279,0.05287693377694821,0.9780718745017529,0.021928125992417336,11252,9411289,201544,9707
raw_probability_5slice,0.08,0.14629582040180636,0.07892080193373532,0.5296531323056779,0.9875477915823556,0.08486873289398596,0.9865516091690573,0.013448391109704971,11101,9493132,119701,9858
raw_probability_5slice,0.09,0.2437743991279995,0.13880585672305468,0.5228779999043262,0.9939671270685749,0.15893665158368736,0.992942239151519,0.007057760842144489,10959,9554840,57993,10000
raw_probability_5slice,0.1,0.2877997085706335,0.16808764138824825,0.5182976287034122,0.9954573225187612,0.19920779006433054,0.9944192276519973,0.005580772180110216,10863,9569165,43668,10096
raw_probability_5slice,0.11,0.30203807014096856,0.1778827103420655,0.514051242902565,0.9958795705698821,0.2138419705058822,0.9948313187579709,0.0051686810329556465,10774,9573224,39609,10185
raw_probability_5slice,0.12,0.31077124754201285,0.18397226964661323,0.5089937497015559,0.9961480658199295,0.2236665548473198,0.9950882269411662,0.004911772906780243,10668,9575805,37028,10291
raw_probability_5slice,0.13,0.31752998827521306,0.18872846830101697,0.5039362565005467,0.9963585136660535,0.23179055017880665,0.9952872140066955,0.0047127860598266125,10562,9577828,35005,10397
raw_probability_5slice,0.14,0.3234849653044991,0.192950828719083,0.5004532658998518,0.9965252699178266,0.23897837825516874,0.9954460299744888,0.0045539699494838715,10489,9579431,33402,10470
raw_probability_5slice,0.15,0.3283388856434109,0.19641474149489102,0.49611145569898557,0.9966731971729864,0.24536316013019838,0.9955841894863404,0.004415810573846102,10398,9580853,31980,10561
raw_probability_5slice,0.16,0.3332365091659674,0.19993029064922643,0.4926284650982906,0.996808016949841,0.2517740008290249,0.995711138459289,0.004288861528038979,10325,9582149,30684,10634
raw_probability_5slice,0.17,0.3372039473683656,0.202793329244851,0.48909776229758617,0.9969218231503648,0.25729775859033227,0.9958170157711512,0.004182984121143818,10251,9583243,29590,10708
raw_probability_5slice,0.18,0.3410855307187222,0.2056076651537659,0.486330454697034,0.997023146038217,0.2626452626967295,0.995912097749255,0.0040879021398723125,10193,9584217,28616,10766
raw_probability_5slice,0.19,0.3450528142061974,0.20849777997035676,0.4839448446965581,0.9971195796286059,0.26810636498195495,0.9960031314771993,0.003996868617832661,10143,9585144,27689,10816
raw_probability_5slice,0.2,0.34841785270133546,0.2109600501986591,0.48122524929601546,0.9972067547620967,0.27305953380072207,0.9960842002816742,0.003915799781680107,10086,9585982,26851,10873
raw_probability_5slice,0.21,0.3516302538675208,0.21332001190421043,0.4787919270955299,0.9972866479631958,0.27783930450183353,0.9961586258038362,0.0038413743022829294,10035,9586750,26083,10924
raw_probability_5slice,0.22,0.35499849095454133,0.21580435580301416,0.4770265756951777,0.9973608196459869,0.28268491291555004,0.9962287954732665,0.003771204501390457,9998,9587463,25370,10961
raw_probability_5slice,0.23,0.3577981651375503,0.21787709497201932,0.47449782909467314,0.9974319745282156,0.28717045421723686,0.9962942940848205,0.0037057059817016125,9945,9588147,24686,11014
raw_probability_5slice,0.24,0.36059899438891635,0.21995777308584957,0.47220764349421623,0.9974995924718542,0.2916629829368781,0.9963567824590764,0.003643217496573925,9897,9588797,24036,11062
raw_probability_5slice,0.25,0.36349896785602265,0.22211960806392114,0.4704900042938735,0.9975620090352126,0.29615280655906057,0.9964153263844591,0.0035846736282110214,9861,9589397,23436,11098
raw_probability_5slice,0.26,0.36618562851915465,0.2241292737480659,0.4685338040934832,0.9976224490740649,0.30053557765866856,0.9964713790789744,0.0035286208149045706,9820,9589978,22855,11139
raw_probability_5slice,0.27,0.3686005539747944,0.22594132594127375,0.4666730282931119,0.9976769595393981,0.3045901843546635,0.996521722702752,0.0034782772418111563,9781,9590502,22331,11178
raw_probability_5slice,0.28,0.37120981258563707,0.2279052363244632,0.46495538909276923,0.9977321981979704,0.3089237597082552,0.9965731043393911,0.003426895709708333,9745,9591033,21800,11214
raw_probability_5slice,0.29,0.37380732533079913,0.2298665657234244,0.4635717352924931,0.9977832757523188,0.31316680096686117,0.9966210605335875,0.0033789395820349455,9716,9591524,21309,11243
raw_probability_5slice,0.3,0.3757474567056815,0.2313356123448564,0.4617109594921219,0.9978287358159651,0.3167697796980861,0.9966623734454709,0.00333762657828629,9677,9591961,20872,11282
raw_probability_5slice,0.31,0.37816213672189314,0.23316889146831277,0.4600410324917887,0.9978785650390463,0.321025470284561,0.9967084612165169,0.0032915386836975813,9642,9592440,20393,11317
raw_probability_5slice,0.32,0.38046058879384687,0.23491900608364855,0.45875280309153166,0.9979225687162141,0.32499577488581205,0.9967495665258281,0.0032504333648830652,9615,9592863,19970,11344
raw_probability_5slice,0.33,0.3820457625766599,0.23612890509504383,0.4572737248912366,0.9979580421297229,0.328073118132226,0.9967817449245313,0.003218255005776882,9584,9593204,19629,11375
raw_probability_5slice,0.34,0.38371415365439127,0.2374048838712296,0.4555083734908843,0.9979969484542164,0.33147003680288467,0.9968167259579603,0.0031832740642130375,9547,9593578,19255,11412
raw_probability_5slice,0.35,0.38578001175532833,0.2389884988196879,0.45407700749059876,0.9980377272756107,0.3353417899928346,0.9968543020235429,0.0031456979922950268,9517,9593970,18863,11442
raw_probability_5slice,0.36,0.3879694332065735,0.24067126343534764,0.4529796268903798,0.9980766336001042,0.33927741843249853,0.9968907362749778,0.0031092637218534946,9494,9594344,18489,11465
raw_probability_5slice,0.37,0.3895986153464952,0.24192640360298842,0.451071138889999,0.9981151238141753,0.3428716498022185,0.9969249906994038,0.00307500921189785,9454,9594714,18119,11505
raw_probability_5slice,0.38,0.3911843443251518,0.2431505082296468,0.44968748508972295,0.9981479965375442,0.346151021007659,0.9969547816685258,0.0030452182982116938,9425,9595030,17803,11534
raw_probability_5slice,0.39,0.393009448950499,0.24456238942651565,0.44849468008948495,0.9981819095369691,0.3497414145922723,0.9969860258556538,0.00301397405564785,9400,9595356,17477,11559
raw_probability_5slice,0.4,0.39478670990011483,0.24594034470992265,0.44730187508924696,0.9982148862879435,0.3533069530807035,0.9970163358312065,0.0029836641624569893,9375,9595673,17160,11584
raw_probability_5slice,0.41,0.396300852670344,0.24711670722668314,0.4457273724889328,0.9982476549837067,0.356741894833178,0.9970456077938978,0.0029543922282755375,9342,9595988,16845,11617
raw_probability_5slice,0.42,0.3979404349868825,0.24839303336616214,0.44434371868865674,0.9982800075690477,0.36031260881326255,0.9970748797565891,0.0029251202940940857,9313,9596299,16534,11646
raw_probability_5slice,0.43,0.3989506955941259,0.24918076819762314,0.442626079488314,0.9983073668293198,0.3631204008140116,0.9970984426485429,0.0029015573672950268,9277,9596562,16271,11682
raw_probability_5slice,0.44,0.39982672731202085,0.24986464537080405,0.4403836060878666,0.9983375348349431,0.3661100313353829,0.9971236663610747,0.002876333659514785,9230,9596852,15981,11729
raw_probability_5slice,0.45,0.4010290622887041,0.25080447232062975,0.4388091034875524,0.9983656222884545,0.36923879877936033,0.9971482672658898,0.002851732773706317,9197,9597122,15711,11762
raw_probability_5slice,0.46,0.40222899892490244,0.2517438347887484,0.4373777374872668,0.9983922533554874,0.37230931687093965,0.9971717263565573,0.0028282736893743277,9167,9597378,15455,11792
raw_probability_5slice,0.47,0.40358309063621844,0.2528055724472738,0.43637578128706694,0.9984168038704085,0.3753745126204082,0.9971940436330773,0.002805956406518817,9146,9597614,15219,11813
raw_probability_5slice,0.48,0.40467737640889223,0.25366491418391235,0.4350875518868099,0.9984406261920904,0.3782404911027507,0.9972150114928774,0.002784988610073924,9119,9597843,14990,11840
raw_probability_5slice,0.49,0.40559253137972806,0.25438449039047056,0.4332267760864386,0.9984671532315178,0.38127230736914497,0.9972374325706835,0.0027625674847513437,9080,9598098,14735,11879
raw_probability_5slice,0.5,0.40692737932109735,0.2554355489128182,0.4321771076862292,0.998491391663622,0.38446519524601674,0.997259334642059,0.002740665338933468,9058,9598331,14502,11901
raw_probability_5slice,0.51,0.40810700890225315,0.25636585573558457,0.43088887828597217,0.9985157341233318,0.3876132022831934,0.9972808215082899,0.0027191785629838705,9031,9598565,14268,11928
raw_probability_5slice,0.52,0.40925007958515414,0.2572686469023536,0.42936208788566754,0.9985415329695201,0.3909379208478253,0.9973032425860959,0.00269675743766129,8999,9598813,14020,11960
raw_probability_5slice,0.53,0.410720007323566,0.25843149678861255,0.42812157068542,0.9985683720917643,0.39467780954458115,0.9973273244844804,0.0026726755313575268,8973,9599071,13762,11986
raw_probability_5slice,0.54,0.4117538688282029,0.2592506669759137,0.4265470680851059,0.998593026634291,0.3979523703537067,0.9973484999468528,0.0026515000499784946,8940,9599308,13525,12019
raw_probability_5slice,0.55,0.41309835344239065,0.2603175529740645,0.42554511188490596,0.9986161207627337,0.4013590135899553,0.9973693640053668,0.0026306360960006714,8919,9599530,13303,12040
raw_probability_5slice,0.56,0.4141223596263504,0.26113134398488574,0.4242091702846394,0.9986383826703314,0.4045040946312991,0.9973886710445887,0.002611328847706318,8891,9599744,13089,12068
raw_probability_5slice,0.57,0.41505633241973744,0.2618745012265357,0.4227300920843443,0.998660748605535,0.4076562068646325,0.9974077704812384,0.0025922295171767473,8860,9599959,12874,12099
raw_probability_5slice,0.58,0.41586442273733887,0.2625182015392522,0.4214895748840968,0.9986796816297537,0.4103874384463391,0.9974239634818761,0.002576036611571908,8834,9600141,12692,12125
raw_probability_5slice,0.59,0.4168028225709984,0.26326652707141396,0.41991507228378266,0.9987026717305908,0.4137363670550894,0.9974434781236704,0.002556521911174059,8801,9600362,12471,12158
raw_probability_5slice,0.6,0.41777333523717985,0.2640413946631377,0.41876997948355416,0.9987223329480488,0.4167814236191572,0.9974606053358834,0.0025393946561962366,8777,9600551,12282,12182
raw_probability_5slice,0.61,0.4186758515115723,0.26476282671821616,0.41757717448331616,0.9987415780550843,0.41978032519525166,0.9974772135416657,0.0025227863807231188,8752,9600736,12097,12207
raw_probability_5slice,0.62,0.41958614051962956,0.26549130659837844,0.41600267188300205,0.9987639439902879,0.4232318819472728,0.9974961053757431,0.0025038947351276875,8719,9600951,11882,12240
raw_probability_5slice,0.63,0.42032947095952483,0.266086796728962,0.4145235936827069,0.9987837092353514,0.4263002944060715,0.9975126097802393,0.0024873903021216393,8688,9601141,11692,12271
raw_probability_5slice,0.64,0.42158532431501594,0.2670941488377005,0.41337850088247846,0.9988058671153437,0.43012460904511235,0.9975322282233197,0.0024677717592567205,8664,9601354,11479,12295
raw_probability_5slice,0.65,0.42246015449290547,0.26779682028069923,0.4122811202822595,0.9988236558359009,0.4331545440872058,0.9975475908136683,0.002452409127727151,8641,9601525,11308,12318
raw_probability_5slice,0.66,0.42337738908258654,0.2685343887312573,0.41113602748203104,0.9988421727496972,0.43637008153115087,0.9975635762117337,0.002436423674225807,8617,9601703,11130,12342
raw_probability_5slice,0.67,0.42468562393447523,0.26958785521602485,0.4100863590818216,0.998863706464056,0.4403627420840043,0.9975827794496696,0.002417220501229167,8595,9601910,10923,12364
raw_probability_5slice,0.68,0.4247633716740554,0.2696505172848001,0.4078915978813837,0.9988822233778524,0.4430911164090167,0.9975964812194399,0.002403518883511424,8549,9602088,10745,12410
raw_probability_5slice,0.69,0.42564358910261796,0.270360374662559,0.40626938308106003,0.9989039651474223,0.44695816492549106,0.9976146464445144,0.002385353669524193,8515,9602297,10536,12444
raw_probability_5slice,0.7,0.42602361215764234,0.27066709224376934,0.40459945608072684,0.9989211297023459,0.44984350962789776,0.9976281406117125,0.0023718595039099455,8480,9602462,10371,12479
raw_probability_5slice,0.71,0.42729730412581746,0.2716961732479929,0.4034543632804984,0.9989426634167046,0.45413533834562075,0.997647136247076,0.002352863783016801,8456,9602669,10164,12503
raw_probability_5slice,0.72,0.42789988565609766,0.2721836107967441,0.40173672408015565,0.9989622206065569,0.457708197433976,0.9976629140425692,0.0023370860144495964,8420,9602857,9976,12539
raw_probability_5slice,0.73,0.42880875099025517,0.2729195133059168,0.40025764587986057,0.9989827140448597,0.4617459269041932,0.9976801450560684,0.0023198549170047045,8389,9603054,9779,12570
raw_probability_5slice,0.74,0.429338471419286,0.27334881742933254,0.3986831432795464,0.9990002947102057,0.4651007458530195,0.9976942620309833,0.002305737929418683,8356,9603223,9610,12603
raw_probability_5slice,0.75,0.4298708010334807,0.27378052794408736,0.39687007967918464,0.9990197478724524,0.46885744884703856,0.9977097284226181,0.0022902716882526875,8318,9603410,9423,12641
raw_probability_5slice,0.76,0.4305100608328315,0.27429934406669504,0.3950570160788229,0.9990401372831496,0.47295367567231794,0.9977261290258281,0.0022738708648830652,8280,9603606,9227,12679
raw_probability_5slice,0.77,0.43105161324048763,0.27473919274730035,0.39329166467847065,0.9990591743349739,0.47683230172934754,0.9977412840136045,0.002258715918287635,8243,9603789,9044,12716
raw_probability_5slice,0.78,0.4320711522773381,0.27556808646317066,0.39171716207815654,0.9990810201321495,0.481694437925087,0.9977596568412511,0.002240343252196908,8210,9603999,8834,12749
raw_probability_5slice,0.79,0.43230944254823606,0.27576197387508833,0.38980867407777575,0.9990982887146787,0.48521202042969164,0.9977727358033047,0.0022272642236202955,8170,9604165,8668,12789
raw_probability_5slice,0.8,0.43252162341971195,0.27593466671184896,0.38770933727735685,0.999116805628475,0.48904670197370664,0.9977866451756474,0.0022133549209684134,8126,9604343,8490,12833
raw_probability_5slice,0.81,0.4329896907215336,0.27631578947358976,0.38575313707696657,0.999136466845933,0.4934090076891899,0.997802007765996,0.0021979922894388437,8085,9604532,8301,12874
raw_probability_5slice,0.82,0.4335686950896261,0.27678755763530494,0.38379693687657623,0.9991570643118414,0.4981730352384355,0.99781830456792,0.0021816955413669348,8044,9604730,8103,12915
raw_probability_5slice,0.83,0.43445428369630185,0.27750980324104607,0.3815544634761288,0.9991825510752128,0.5043834752440842,0.9978388572225756,0.0021611428819596767,7997,9604975,7858,12962
raw_probability_5slice,0.84,0.43469460324395237,0.27770593786031605,0.37912114127564334,0.9992037727067546,0.5093589743586479,0.9978547388193549,0.0021452612709254026,7946,9605179,7654,13013
raw_probability_5slice,0.85,0.43436570042972716,0.27743752199919836,0.3760675604750341,0.999224890310691,0.5140546533616943,0.9978691671981282,0.0021308327559381723,7882,9605382,7451,13077
raw_probability_5slice,0.86,0.4350627708031233,0.2780065313075827,0.3736819504745581,0.9992496488808232,0.5205716184775536,0.9978886818399225,0.0021113180555403233,7832,9605620,7213,13127
raw_probability_5slice,0.87,0.43456098585620095,0.27759687980810904,0.3701512476738536,0.9992730550920828,0.526108775260731,0.9979043558341295,0.0020956441294401884,7758,9605845,6988,13201
raw_probability_5slice,0.88,0.4344239136575594,0.2774850212949262,0.36681139367318727,0.9992981257450317,0.5325943886383563,0.9979221058540594,0.002077894052490592,7688,9606086,6747,13271
raw_probability_5slice,0.89,0.4337837067440757,0.2769628362391159,0.36304212987243517,0.9993223641771359,0.5387665510156916,0.9979380912521248,0.002061908831819892,7609,9606319,6514,13350
raw_probability_5slice,0.9,0.43303005873533545,0.27634866970444055,0.35879574407158793,0.999349515382197,0.5459957888618703,0.9979559450733408,0.002044054912403226,7520,9606580,6253,13439
raw_probability_5slice,0.91,0.4321952636930315,0.2756690636814161,0.35483563147079783,0.9993738578419068,0.552690249702324,0.9979716190675479,0.002028380986303091,7437,9606814,6019,13522
raw_probability_5slice,0.92,0.4317721333136304,0.27532486986470606,0.35078009446998865,0.9994024654334461,0.561392791691691,0.9979913413119145,0.0020086586009711027,7352,9607089,5744,13607
raw_probability_5slice,0.93,0.4307390800842027,0.27448531637894547,0.3460565866690462,0.9994314891354079,0.570294071394425,0.9980100255434196,0.001989974407479167,7253,9607368,5465,13706
raw_probability_5slice,0.94,0.428614385373939,0.27276206513824763,0.3400448494678467,0.9994621772790592,0.5795722533946657,0.9980275679607771,0.00197243201546371,7127,9607663,5170,13832
raw_probability_5slice,0.95,0.4261964427600922,0.27080663326720616,0.33269717066638066,0.9995017077691863,0.5927909546879259,0.9980510270514447,0.0019489729311317205,6973,9608043,4790,13986
lung_constrained_probability_5slice,0.01,0.06111771088419197,0.03152213583428192,0.6799465623356649,0.955149954233054,0.031996892590038954,0.9545512296715551,0.04544876888394356,14251,9181697,431136,6708
lung_constrained_probability_5slice,0.02,0.11963818382836032,0.06362508683139508,0.6118135407220707,0.9812145909535712,0.0663016276809132,0.9804109326836193,0.01958906650543213,12823,9432252,180581,8136
lung_constrained_probability_5slice,0.03,0.1668865345645822,0.09103993708591399,0.585476406316816,0.9881587457100306,0.09731242912314156,0.9872826816273375,0.01271731872111559,12271,9499005,113828,8688
lung_constrained_probability_5slice,0.04,0.19896541333242385,0.11047284422258996,0.5670594971131413,0.9909887126927088,0.12064887472209436,0.9900664245190254,0.009933575056493282,11885,9526209,86624,9074
lung_constrained_probability_5slice,0.05,0.22574106916643355,0.12723118663428562,0.5526504127102664,0.9927097453997162,0.14183902134379808,0.9917523650085024,0.008247635327279568,11583,9542753,70080,9376
lung_constrained_probability_5slice,0.06,0.24984912492453507,0.14275862068963727,0.5432033971083815,0.993884113039308,0.16223495212035993,0.9929036250730752,0.007096374873071909,11385,9554042,58791,9574
lung_constrained_probability_5slice,0.07,0.2683478823148725,0.15496639283044908,0.5346152011066679,0.9946584945353769,0.17913096303872314,0.9936576376155921,0.006342362612485886,11205,9561486,51347,9754
lung_constrained_probability_5slice,0.08,0.28367247440400767,0.16527875371893413,0.52745837110524,0.9952222201301105,0.19400522962985559,0.994204566592261,0.005795433185994625,11055,9566905,45928,9904
lung_constrained_probability_5slice,0.09,0.29613751373640995,0.17380364678713692,0.5207309509038978,0.9956479010922161,0.20690047393361008,0.9946146854737979,0.005385314580053091,10914,9570997,41836,10045
lung_constrained_probability_5slice,0.1,0.3065718253180624,0.18103621393664554,0.5161505797029838,0.9959640409856273,0.21803889952630898,0.9949201726589063,0.005079827271401882,10818,9574036,38797,10141
lung_constrained_probability_5slice,0.11,0.3159506492741209,0.1876136522590244,0.5119519061021461,0.9962307677663796,0.22847773779353356,0.9951771846433877,0.004822815302759409,10730,9576600,36233,10229
lung_constrained_probability_5slice,0.12,0.3229738149875651,0.19258722247391163,0.5069898373011561,0.9964405914468701,0.23696534498901992,0.9953757565037724,0.00462424336001277,10626,9578617,34216,10333
lung_constrained_probability_5slice,0.13,0.32883734742035714,0.19677159904977334,0.501932344100147,0.9966186867076533,0.2445146894755847,0.9955424613693123,0.004457538481801748,10520,9580329,32504,10439
lung_constrained_probability_5slice,0.14,0.3344698970688927,0.2008188843181345,0.498449353499452,0.9967685904873195,0.2516742953504573,0.9956844615287511,0.004315538331866264,10447,9581770,31063,10512
lung_constrained_probability_5slice,0.15,0.33920733704547346,0.20424424108547568,0.49410754329858575,0.9969056988714972,0.25824792399185603,0.9958118257068442,0.00418817438185215,10356,9583088,29745,10603
lung_constrained_probability_5slice,0.16,0.34390729252013447,0.20766186033357414,0.4906245526978908,0.9970290756117359,0.26473919983516175,0.9959273565383175,0.0040726433508098125,10283,9584274,28559,10676
lung_constrained_probability_5slice,0.17,0.34771798365116696,0.21044711508725641,0.48709384989718635,0.9971338314105728,0.2703583061888535,0.9960242031382855,0.003975796978920698,10209,9585281,27552,10750
lung_constrained_probability_5slice,0.18,0.3515680468248824,0.213274224724722,0.4843265422966342,0.9972290166696947,0.2759323692507677,0.9961131608405072,0.0038868391420692205,10151,9586196,26637,10808
lung_constrained_probability_5slice,0.19,0.3554124663534499,0.2161103979460385,0.4819409322961582,0.9973180643000862,0.2815060476003898,0.9961968246771356,0.0038031754083931446,10101,9587052,25781,10858
lung_constrained_probability_5slice,0.2,0.3585542168674059,0.2184380504990717,0.4792213368956156,0.9973970212527349,0.28643130097522207,0.9962696931800055,0.0037303068675100803,10044,9587811,25022,10915
lung_constrained_probability_5slice,0.21,0.3616951974231187,0.2207740567287663,0.47683572689513964,0.997471192935526,0.291344780339827,0.9963385134327158,0.003661486553028226,9994,9588524,24309,10965
lung_constrained_probability_5slice,0.22,0.3649958764775287,0.22323850516730037,0.4751180876947969,0.997539955182826,0.2963161340235981,0.996403389236553,0.0035966108553111553,9958,9589185,23648,11001
lung_constrained_probability_5slice,0.23,0.36773714497858406,0.22529284658245757,0.47258934109429235,0.9976067409056196,0.3009632037919538,0.9964645281940891,0.0035354718565940857,9905,9589827,23006,11054
lung_constrained_probability_5slice,0.24,0.370396813467539,0.22729264187049433,0.47029915549383544,0.997668949413767,0.3055013172167037,0.9965216189014658,0.003478381084278226,9857,9590425,22408,11102
lung_constrained_probability_5slice,0.25,0.3731879239259831,0.22939829954213087,0.4685815162934927,0.9977266847348738,0.31006503757014897,0.9965754917689722,0.0034245082642883062,9821,9590980,21853,11138
lung_constrained_probability_5slice,0.26,0.37585027477799166,0.23141356301163424,0.4666253160931024,0.9977838999179525,0.3146414438759725,0.9966283266236172,0.0033716734033077955,9780,9591530,21303,11179
lung_constrained_probability_5slice,0.27,0.3781590900267134,0.23316657490958348,0.4647645402927311,0.9978343533066674,0.3187604306422596,0.9966746219972354,0.003325378056615591,9741,9592015,20818,11218
lung_constrained_probability_5slice,0.28,0.3806927391832306,0.23509604902976308,0.46304690109238844,0.9978859509990438,0.3232091117992729,0.9967223705888596,0.003277629381045699,9705,9592511,20322,11254
lung_constrained_probability_5slice,0.29,0.38323827629903695,0.23704066633997134,0.4616632472921124,0.9979339077252243,0.3275891255034947,0.9967672127444718,0.003232787363231182,9676,9592972,19861,11283
lung_constrained_probability_5slice,0.3,0.3851333799579608,0.23849237774692178,0.4598024714917411,0.9979767670987305,0.33132778656386874,0.9968059306242019,0.003194069489836693,9637,9593384,19449,11322
lung_constrained_probability_5slice,0.31,0.3874351887343621,0.24026022769917674,0.4581325444914079,0.9980228513280103,0.3356403803130818,0.9968482815489468,0.0031517185270786285,9602,9593827,19006,11357
lung_constrained_probability_5slice,0.32,0.3896394563358856,0.24195790058872416,0.45684431509115087,0.9980636301494045,0.33967150306845234,0.9968861690183877,0.003113830927759409,9575,9594219,18614,11384
lung_constrained_probability_5slice,0.33,0.3911395258293086,0.2431158774230728,0.4553652368908558,0.9980965028727734,0.3427914661301836,0.9969157523849373,0.003084247699007392,9544,9594535,18298,11415
lung_constrained_probability_5slice,0.34,0.39272141440837893,0.24433935593301184,0.45359988549050356,0.9981327044795214,0.34625050078291647,0.9969480345849268,0.0030519654974341393,9507,9594883,17950,11452
lung_constrained_probability_5slice,0.35,0.39470231773590836,0.24587484433368467,0.45216851949021797,0.9981706745555645,0.3501958465744031,0.9969828080157834,0.00301719200797379,9477,9595248,17585,11482
lung_constrained_probability_5slice,0.36,0.3968437178652291,0.2475390093202829,0.4511188510900085,0.9982068761623125,0.35422598531381905,0.9970166472350649,0.002983352867886424,9455,9595596,17237,11504
lung_constrained_probability_5slice,0.37,0.39834147786160684,0.24870562130170948,0.44921036308962775,0.9982422455482157,0.3578215262996512,0.9970477876209067,0.00295221246778965,9415,9595936,16897,11544
lung_constrained_probability_5slice,0.38,0.3998977461547442,0.2499201192884626,0.44782670928935164,0.998273453829895,0.36123619289521564,0.9970759177694506,0.0029240823350846767,9386,9596236,16597,11573
lung_constrained_probability_5slice,0.39,0.40177690029606383,0.25138974675719006,0.44663390428911365,0.9983066386360806,0.36510784351949566,0.9971064353475756,0.0028935647569596767,9361,9596555,16278,11598
lung_constrained_probability_5slice,0.4,0.40345721694027586,0.2527067994802261,0.44544109928887565,0.9983371187245207,0.368705817305648,0.997134254092261,0.0028657459188252687,9336,9596848,15985,11623
lung_constrained_probability_5slice,0.41,0.4049800840170636,0.2539028384278783,0.44386659668856154,0.9983687431166224,0.37235830931781444,0.9971623842408047,0.0028376157861202955,9303,9597152,15681,11656
lung_constrained_probability_5slice,0.42,0.4065849755583405,0.25516577245831473,0.44248294288828544,0.9983994312602738,0.3760746147605936,0.9971899953829179,0.0028100046329200268,9274,9597447,15386,11685
lung_constrained_probability_5slice,0.43,0.4075798019014786,0.2559499071841477,0.44076530368794276,0.9984256462168843,0.3790415230590928,0.997212416460724,0.0027875835075974464,9238,9597699,15134,11721
lung_constrained_probability_5slice,0.44,0.40829834965895734,0.25651688529158345,0.43852283028749534,0.9984530054771565,0.3819715734351334,0.99723483753853,0.002765162382274866,9191,9597962,14871,11768
lung_constrained_probability_5slice,0.45,0.40939672321678866,0.2573845591747682,0.43694832768718117,0.9984789083509503,0.3851135407904184,0.9972572586163362,0.0027427414897829294,9158,9598211,14622,11801
lung_constrained_probability_5slice,0.46,0.4105054865982168,0.2582616568582339,0.4355169616868956,0.998503562893477,0.38821077701680423,0.997278745482567,0.0027212544810026884,9128,9598448,14385,11831
lung_constrained_probability_5slice,0.47,0.41177401487567844,0.25926664009558187,0.4345150054866957,0.9985262409114972,0.3912950073041199,0.9972991943359365,0.0027008056640625,9107,9598666,14167,11852
lung_constrained_probability_5slice,0.48,0.4128117114863466,0.2600899429978345,0.4332267760864386,0.9985486068467008,0.3942341090654766,0.9973187089777308,0.002681290963664651,9080,9598881,13952,11879
lung_constrained_probability_5slice,0.49,0.4136432264262219,0.2607504398234186,0.43136600028606736,0.998573365416833,0.39731927048982757,0.9973393654336725,0.0026606344617903233,9041,9599119,13714,11918
lung_constrained_probability_5slice,0.5,0.41496066614518684,0.2617983398153301,0.4303640440858675,0.9985961474624588,0.4006218076835884,0.9973599180883281,0.0026400818023830652,9020,9599338,13495,11939
lung_constrained_probability_5slice,0.51,0.4161210466648738,0.2627227578147056,0.4290758146856104,0.9986194496461127,0.4039256198345293,0.9973803669416976,0.002619632985442877,8993,9599562,13271,11966
lung_constrained_probability_5slice,0.52,0.4171787709496236,0.26356657548743684,0.4275490242853058,0.9986434800230057,0.407299668196715,0.9974010233976394,0.002598976716399193,8961,9599793,13040,11998
lung_constrained_probability_5slice,0.53,0.41861881559210584,0.26471721032196704,0.4263085070850583,0.9986690708139828,0.4112016199547097,0.99742385968059,0.002576140221208334,8935,9600039,12794,12024
lung_constrained_probability_5slice,0.54,0.41959887817859126,0.2655015061587684,0.42473400448474413,0.9986923729976367,0.41458643815181884,0.9974436857262426,0.0025563142262399197,8902,9600263,12570,12057
lung_constrained_probability_5slice,0.55,0.42093039789548525,0.2665686156800737,0.4237320482845442,0.998714530877629,0.4181655523116969,0.9974636155731814,0.0025363843888044357,8881,9600476,12357,12078
lung_constrained_probability_5slice,0.56,0.42193308550175823,0.2673733804475047,0.4223961066842777,0.9987358565367764,0.4214710783144863,0.9974819884008281,0.0025180114898830652,8853,9600681,12152,12106
lung_constrained_probability_5slice,0.57,0.42279306048106424,0.26806441810991555,0.42091702848398255,0.9987567660855016,0.42468589033821563,0.9974996346194718,0.002500365488231182,8822,9600882,11951,12137
lung_constrained_probability_5slice,0.58,0.42355660422775954,0.2686785997922082,0.41967651128373507,0.9987746588336645,0.42750911300100725,0.9975147896072482,0.002485210308805108,8796,9601054,11779,12163
lung_constrained_probability_5slice,0.59,0.42437890454733296,0.26934071000452764,0.4181020086834209,0.9987957764376008,0.430847140960504,0.9975324358258919,0.0024675640743225813,8763,9601257,11576,12196
lung_constrained_probability_5slice,0.6,0.4252865172639304,0.27007231596505654,0.41695691588319245,0.9988141893237915,0.4339557056309296,0.9975483174226712,0.002451682463288307,8739,9601434,11399,12220
lung_constrained_probability_5slice,0.61,0.4260916336608415,0.2707220082017302,0.41576411088295445,0.9988318740167431,0.4369452940879321,0.9975633686091615,0.0024366313591599464,8714,9601604,11229,12245
lung_constrained_probability_5slice,0.62,0.42694142526916173,0.27140847272150337,0.4141896082826403,0.9988529916206794,0.4405033744352562,0.9975810148278051,0.0024189851246774197,8681,9601807,11026,12278
lung_constrained_probability_5slice,0.63,0.4276145042883982,0.2719527148111196,0.41271053008234515,0.9988715085344758,0.4436352446402484,0.9975962736168676,0.0024037263356149197,8650,9601985,10848,12309
lung_constrained_probability_5slice,0.64,0.4288022270274579,0.2729142278608305,0.4115654372821167,0.9988923140555953,0.4475459167788484,0.9976145426432282,0.0023854572791606188,8626,9602185,10648,12333
lung_constrained_probability_5slice,0.65,0.4296451669287513,0.2735975066784526,0.41046805668189773,0.9989092705553078,0.4507020117348854,0.9976290748232878,0.0023709251545369625,8603,9602348,10485,12356
lung_constrained_probability_5slice,0.66,0.4305106009282573,0.274299782580805,0.4093229638816693,0.9989267471930482,0.45401143099044555,0.9976440222084918,0.0023559778928756714,8579,9602516,10317,12380
lung_constrained_probability_5slice,0.67,0.43180097895735187,0.27534832834563333,0.40827329548145985,0.998947448686562,0.45820615796494873,0.9976623950361385,0.002337604993954301,8557,9602715,10118,12402
lung_constrained_probability_5slice,0.68,0.43184412816793977,0.27538342069492155,0.4060785342810219,0.9989652374071193,0.4611008776679699,0.9976753701969059,0.002324629807844758,8511,9602886,9947,12448
lung_constrained_probability_5slice,0.69,0.4326986881730303,0.2760788145252317,0.40445631948069827,0.9989861469558444,0.46518136420980893,0.9976927050116912,0.00230729510076344,8477,9603087,9746,12482
lung_constrained_probability_5slice,0.7,0.43300079501437877,0.2763248338842341,0.4027863924803651,0.9990021672071064,0.46811578130172554,0.9977050573647418,0.0022949427366256714,8442,9603241,9592,12517
lung_constrained_probability_5slice,0.71,0.4341301152625167,0.27724533148889197,0.4016412996801366,0.9990217243969588,0.47233756031844215,0.9977220807756687,0.0022779193241149187,8418,9603429,9404,12541
lung_constrained_probability_5slice,0.72,0.43466085874288674,0.2776783939573717,0.3999236604797939,0.9990401372831496,0.4760065875401919,0.9977367167570144,0.002263283357024193,8382,9603606,9227,12577
lung_constrained_probability_5slice,0.73,0.4354695729257873,0.2783388327832956,0.3984445822794988,0.9990591743349739,0.4800804828971083,0.9977524945525076,0.0022475053556263447,8351,9603789,9044,12608
lung_constrained_probability_5slice,0.74,0.4359196079971607,0.27870665103022996,0.39687007967918464,0.9990756106966584,0.48349221111341345,0.997765469713275,0.0022345304023474455,8318,9603947,8886,12641
lung_constrained_probability_5slice,0.75,0.4362831625259014,0.27900394244691884,0.3950570160788229,0.9990930873343988,0.4871161313092792,0.997778963880473,0.0022210360039025545,8280,9604115,8718,12679
lung_constrained_probability_5slice,0.76,0.43678952807429006,0.2794182459232195,0.39324395247846117,0.9991118123034064,0.491179976161805,0.9977937036631049,0.0022062964271754026,8242,9604295,8538,12717
lung_constrained_probability_5slice,0.77,0.4372268997121291,0.27977631534071684,0.39147860107810895,0.999129496996358,0.49508236287908336,0.9978075092341615,0.0021924907341599464,8205,9604465,8368,12754
lung_constrained_probability_5slice,0.78,0.43809472753090895,0.280487386305035,0.3899040984777948,0.9991494702966327,0.49987766087564234,0.9978240136386576,0.0021759863011538982,8172,9604657,8176,12787
lung_constrained_probability_5slice,0.79,0.4383000512031589,0.28065573770482116,0.387995610477414,0.9991661147135283,0.5035917760710282,0.9978364697929943,0.00216353009454906,8132,9604817,8016,12827
lung_constrained_probability_5slice,0.8,0.43848093030808644,0.2808040829079329,0.38589627367699514,0.9991840074616911,0.5076575445640801,0.9978497563576202,0.002150243613868952,8088,9604989,7844,12871
lung_constrained_probability_5slice,0.81,0.43883950482618783,0.2810982638766615,0.3839400734766048,0.9992023163202763,0.5120585427931835,0.997863769531249,0.00213623046875,8047,9605165,7668,12912
lung_constrained_probability_5slice,0.82,0.43939518674008965,0.2815544223667025,0.3819838732762145,0.999222289620551,0.517116651595067,0.9978794435254561,0.002120556542649865,8006,9605357,7476,12953
lung_constrained_probability_5slice,0.83,0.4401371453850467,0.282164001843414,0.3797413998757671,0.9992460079146274,0.5233773919901865,0.9978982315582473,0.00210176850669086,7959,9605585,7248,13000
lung_constrained_probability_5slice,0.84,0.4402627769734884,0.282267275842275,0.3773080776752816,0.9992658771872964,0.5284330103571477,0.9979127637383068,0.00208723614923656,7908,9605776,7057,13051
lung_constrained_probability_5slice,0.85,0.4399215026631792,0.28198677400794925,0.37434992127469136,0.9992858504875712,0.5333423968455351,0.997926257905505,0.0020737419836223125,7846,9605968,6865,13113
lung_constrained_probability_5slice,0.86,0.4404395356062144,0.28241260641177957,0.37196431127421536,0.9993086325331971,0.5398144301339566,0.9979438003228626,0.0020561995916068554,7796,9606187,6646,13163
lung_constrained_probability_5slice,0.87,0.4398746795783424,0.28194829852479847,0.3684336084735109,0.9993312065236117,0.5456858172563454,0.9979586439067805,0.002041356172412634,7722,9606404,6429,13237
lung_constrained_probability_5slice,0.88,0.43955538960839835,0.28168599300560215,0.36509375447284453,0.9993544046796601,0.5521720305956471,0.9979745255035598,0.00202547456137836,7652,9606627,6206,13307
lung_constrained_probability_5slice,0.89,0.4386584800740157,0.2809497310330992,0.3613244906720925,0.9993762504768355,0.5581103987025144,0.9979881234720441,0.002011876553297043,7573,9606837,5996,13386
lung_constrained_probability_5slice,0.9,0.4376736161874799,0.2801422421859329,0.35707810487124525,0.999401217102179,0.5652567975826546,0.9980037974662511,0.001996202627196908,7484,9607077,5756,13475
lung_constrained_probability_5slice,0.91,0.43676804625492294,0.27940066425110227,0.3532134166704741,0.9994239991478049,0.5721020092731282,0.9980181220437384,0.0019818779546767473,7403,9607296,5537,13556
lung_constrained_probability_5slice,0.92,0.4361534106146449,0.278897823849888,0.349157879669665,0.9994507342424435,0.5808858548971416,0.9980359758649544,0.0019640240352600813,7318,9607553,5280,13641
lung_constrained_probability_5slice,0.93,0.43513888052044497,0.2780686893576628,0.34457750846875107,0.999478509613138,0.5902738046582834,0.9980537258848843,0.0019462740747258067,7222,9607820,5013,13737
lung_constrained_probability_5slice,0.94,0.4327225051070425,0.27609820629536747,0.3385657712675516,0.999506701094255,0.5994255786445349,0.9980687770713744,0.001931222970597446,7096,9608091,4742,13863
lung_constrained_probability_5slice,0.95,0.4300222937823786,0.2739034395707345,0.3313135168661046,0.9995430067286086,0.6125077180906655,0.9980892259247439,0.0019107740372419357,6944,9608440,4393,14015
