epoch,lr,train_loss,train_scribble_fg_loss,train_scribble_bg_loss,train_pseudo_fg_loss,train_pseudo_bg_loss,train_soft_teacher_loss,val_loss,val_dice_thr050,val_iou_thr050,val_sensitivity_thr050,val_specificity_thr050,val_precision_thr050,best_val_dice_so_far,epochs_without_improvement
1,4.993910125649561e-05,0.2437226683474504,0.039972546307417825,0.3420729748904705,0.06950333037485297,0.0014017223147675395,0.002697406614644047,0.5998607043709073,0.7596061825752258,0.6123911142349243,0.8416309952735901,0.9971995949745178,0.6921496987342834,-1.0,0
2,4.975670171853926e-05,0.22517568837755766,0.038045509616868235,0.3079487978456876,0.06765390469286686,0.0014602074646599926,0.002737673210317436,0.6342210514204842,0.7485499382019043,0.5981460809707642,0.8402378559112549,0.9969721436500549,0.6749035716056824,0.7596061825752258,0
3,4.9453690018345144e-05,0.21457281221564,0.03575197531459614,0.2937706568493293,0.06497408767254689,0.0013715772486951512,0.0026485309734618147,0.5408257399286542,0.7488855719566345,0.5985747575759888,0.8517613410949707,0.9968356490135193,0.6681824326515198,0.7596061825752258,1
4,4.9031542398457974e-05,0.21239182324363634,0.034680569341453985,0.28932060874425447,0.06623745264294438,0.001371656663533754,0.0026827475163512505,0.5389222085475922,0.7493544816970825,0.5991741418838501,0.8497611880302429,0.996871292591095,0.6701682209968567,0.7596061825752258,2
5,4.849231551964772e-05,0.20917272959382105,0.033307750357123904,0.28934924877606905,0.06350371129333209,0.0014823991726958551,0.0027455339388838275,0.5355518192052842,0.7522180676460266,0.6028441786766052,0.8576176762580872,0.996838390827179,0.6698898673057556,0.7596061825752258,3
6,4.783863644106502e-05,0.20407072187234193,0.03296262518657992,0.27970324189235,0.06295712242046228,0.001438610004604412,0.0026725708724907003,0.5484126440116337,0.7462210655212402,0.5951775312423706,0.8555328845977783,0.9967275261878967,0.66167813539505,0.7596061825752258,4
7,4.707368982147318e-05,0.20605819385785323,0.03286378254564718,0.2833970942749427,0.06354017676307987,0.0014646783424839855,0.002699847742825603,0.519354316166469,0.7402278184890747,0.5875886678695679,0.8595581650733948,0.9965373873710632,0.6499911546707153,0.7596061825752258,5
8,4.620120240391065e-05,0.2013662447914099,0.03182107366872235,0.2757757436006497,0.06326426366248573,0.0014176446092255318,0.002659715974004939,0.5024172561509269,0.7498793601989746,0.5998455882072449,0.8543636202812195,0.9968258142471313,0.6681661009788513,0.7596061825752258,6
9,4.522542485937369e-05,0.19780337046354246,0.030866551681612737,0.2716408526668182,0.062201487163129524,0.001424803496308577,0.0026348639101995966,0.4859156787395477,0.7446694374084473,0.5932058691978455,0.8631207346916199,0.9965960383415222,0.65480637550354,0.7596061825752258,7
10,4.4151111077974446e-05,0.19644096598793298,0.03130473241878626,0.26609540176697266,0.063252321516092,0.0013346817450394903,0.0025981722798091,0.5339640694005149,0.7566885352134705,0.6086074113845825,0.8487163186073303,0.997048556804657,0.6826658844947815,0.7596061825752258,8
11,4.2983495008466276e-05,0.20068290438025427,0.030123943039096702,0.2790208726357191,0.06242117509007072,0.0016870018298504874,0.0028571957723798756,0.593727120757103,0.7603100538253784,0.6133065819740295,0.8370484709739685,0.9972708225250244,0.6964603662490845,0.7596061825752258,9
12,4.172826515897145e-05,0.19420882858909094,0.028940271108578414,0.26797888160516053,0.062238869651292376,0.0013385684112271962,0.0025694233287746706,0.5304121366568975,0.7402299642562866,0.587591290473938,0.8620558977127075,0.996505618095398,0.6485733985900879,0.7603100538253784,0
13,4.039153688314145e-05,0.1918357894397699,0.028993302350266814,0.2657676501533924,0.060110685570786394,0.0014864621625747532,0.0025972243023809427,0.5969138600996562,0.7627246379852295,0.6164550185203552,0.830754280090332,0.9973993301391602,0.7049934267997742,0.7603100538253784,1
14,3.8979822586768667e-05,0.1903951211999624,0.028284129509791874,0.26393732390342617,0.060302039459108926,0.0013999711204982863,0.0025511333787551103,0.6466427126101085,0.759781539440155,0.6126191020011902,0.8258135318756104,0.9973965883255005,0.703527569770813,0.7627246379852295,0
15,3.75e-05,0.18960083686770537,0.02848539271582969,0.25953367290397483,0.06171102782424826,0.0013812733101449572,0.002576515769574027,0.4907815435103008,0.74325031042099,0.5914067625999451,0.8616330027580261,0.9965817928314209,0.6534680724143982,0.7627246379852295,1
16,3.5959278669726935e-05,0.18466317290679002,0.026624762172548052,0.2541191211113563,0.06089918713013713,0.0012525239243330315,0.0024679873559552315,0.5262284121343068,0.7524852752685547,0.6031875014305115,0.8551348447799683,0.9968752264976501,0.6718384027481079,0.7627246379852295,2
17,3.43651648353978e-05,0.1857402682877504,0.027756927552847907,0.25610146795709926,0.0595160379098394,0.0013195053088099647,0.0024585222753767785,0.4659393732036863,0.7430838942527771,0.5911960601806641,0.8749925494194031,0.9964088201522827,0.6457364559173584,0.7627246379852295,3
18,3.272542485937369e-05,0.1824907899284974,0.025539702894046713,0.25395217595192104,0.05940676885895813,0.0013490871142727346,0.00246277195849241,0.5039727543081556,0.7503381371498108,0.6004329323768616,0.8626181483268738,0.9967333674430847,0.6639208793640137,0.7627246379852295,4
19,3.10480473899917e-05,0.18471171324833846,0.02749098726333334,0.2528031873397338,0.060591623306465454,0.0012425696869076302,0.0024410361089767553,0.5582141207797187,0.7580757141113281,0.6104041337966919,0.8456214666366577,0.9971171617507935,0.6869563460350037,0.7627246379852295,5
20,2.934120444167327e-05,0.1817860964876719,0.02597809901747566,0.251946852184259,0.059138950342551254,0.0012323261047967183,0.0024133566125200535,0.540117631639753,0.7454970479011536,0.5942568778991699,0.8569061756134033,0.9966936111450195,0.6597241759300232,0.7627246379852295,6
21,2.7613211581691344e-05,0.17805233124930125,0.025548056582920253,0.24625068368055883,0.05815217295327248,0.001145100971394314,0.00233665711652392,0.49514915645122526,0.7356826663017273,0.5818813443183899,0.8698775768280029,0.9962974190711975,0.6373582482337952,0.7627246379852295,7
22,2.5872487417562535e-05,0.17743710055947304,0.02458186675973523,0.24632448091720924,0.05859653790218708,0.001164671396672463,0.0023360405287418803,0.5138106665440968,0.7424225807189941,0.5903593301773071,0.8609264492988586,0.9965713620185852,0.6525948643684387,0.7627246379852295,8
23,2.4127512582437488e-05,0.17649761854838103,0.02467379399623053,0.24426555538024658,0.05844756836692492,0.0011606452539219903,0.0023392174857107396,0.517061089192118,0.7458521127700806,0.594708263874054,0.860359251499176,0.9966583251953125,0.6582448482513428,0.7627246379852295,9
