threshold,min_area,dice,iou,sensitivity,specificity,precision,accuracy,fpr,fnr,mae
0.005,0,0.8028991249970265,0.7137092817429032,0.8585734577463643,0.9960843467751506,0.8111699197745271,0.9939338012062913,0.003915653226416894,0.25541617984684384,0.006066199
0.005,3,0.8028945353174034,0.7137051998788705,0.8585159902771531,0.996085644169797,0.8112157851806933,0.9939335640230416,0.003914355831770619,0.255473647316055,0.006066436
0.005,5,0.8028421603881556,0.7136368493844845,0.858344390456236,0.9960873514228641,0.8112766027575535,0.9939306387629622,0.003912648578703279,0.2556452471369721,0.006069361
0.005,10,0.8021622943347636,0.713106908962787,0.8572867253086541,0.9960977391422532,0.8119304551487498,0.9939285831747984,0.003902260859314439,0.2567029122845543,0.0060714167
0.005,20,0.7980778482673967,0.710034092599572,0.8531950661886266,0.9961166852147512,0.8119761670061949,0.9939101619424068,0.0038833147868165383,0.2607945714045816,0.006089838
0.005,30,0.7946152252205857,0.7065993067174586,0.8468132214411513,0.9961444898341888,0.8114013321739489,0.993891977893265,0.0038555101673790663,0.26717641615205673,0.0061080223
0.005,50,0.7852430231379385,0.6991747062337674,0.8334270701152365,0.9962267955216721,0.8239324035046981,0.9938210601016119,0.003773204479895677,0.2805625674779713,0.0061789397
0.005,75,0.777775238286185,0.6938722162554654,0.8223407738719648,0.9963299554775645,0.8273044115627185,0.9938023226248875,0.0036700445240032643,0.29164886372124316,0.0061976775
0.005,100,0.7660984716915284,0.6830252027374621,0.8040706348983159,0.9964351725498989,0.8349906139939955,0.9937339347878976,0.0035648274516690073,0.3099190026948924,0.0062660654
0.01,0,0.8038778688093743,0.7151354503835429,0.8502228664968996,0.996376452855007,0.8203490741242483,0.9940206893367556,0.003623547146560478,0.2637667710963085,0.0059793107
0.01,3,0.803607570793801,0.7149256119620675,0.8499619234498127,0.9963781834281517,0.8204085564519418,0.9940200568480898,0.003621816573416024,0.2640277141433955,0.005979943
0.01,5,0.8034843931520655,0.7148076459724132,0.8497550973397605,0.9963804073159498,0.8205973227874489,0.9940195034205073,0.0036195926856176686,0.26423454025344767,0.0059804968
0.01,10,0.8033252688627931,0.7146877214149292,0.8492232755694487,0.996388447840077,0.8207425295916292,0.9940143644500976,0.0036115521614907137,0.2647663620237595,0.0059856353
0.01,20,0.7995784465817761,0.7116708779075225,0.8447491633131481,0.9964070600338094,0.8216157823942853,0.9939938876295422,0.0035929399677579227,0.26924047428006004,0.0060061123
0.01,30,0.7944001488431177,0.7071555468686904,0.8370705588324459,0.9964397517502868,0.8234645406074728,0.9939777591685642,0.003560248251280644,0.2769190787607621,0.006022241
0.01,50,0.7861576018455797,0.7004598103058681,0.8258361737689983,0.9964993428876614,0.8314692837992071,0.9938934009927629,0.0035006571139059414,0.28815346382420964,0.0061065992
0.01,75,0.7790619422680847,0.6952950616708227,0.81550154706066,0.9965976179768078,0.8347340419871628,0.9938718963781256,0.0034023820247595254,0.2984880905325479,0.0061281035
0.01,100,0.7626675854054225,0.6803137800299338,0.7933029061076993,0.9967003872562918,0.8430035828741035,0.9937801855215844,0.0032996127452759086,0.32068673148550836,0.0062198145
0.015,0,0.8038955299323147,0.7153479603517818,0.8451626748027885,0.9965370958236703,0.8247659126034118,0.9940611686113671,0.0034629041778977175,0.2688269627904196,0.0059388313
0.015,3,0.8037541555441752,0.7152624245180682,0.8449809031006537,0.9965392234286001,0.8248430155430324,0.9940617220389496,0.003460776572968129,0.2690087344925546,0.005938278
0.015,5,0.8036543323110032,0.7151779694412941,0.8448114673386149,0.9965404466502213,0.8250413836265788,0.9940609314281174,0.003459553351346771,0.2691781702545934,0.0059390687
0.015,10,0.8032251969507856,0.7146215510937957,0.8437464475814964,0.9965488486484725,0.8252942049538491,0.9940528671976283,0.003451151353095759,0.27024319001171176,0.0059471326
0.015,20,0.7990665593888284,0.711224818425335,0.8387919797481664,0.996568994529654,0.8256384358633186,0.9940328647435723,0.003431005471914293,0.27519765784504174,0.005967135
0.015,30,0.7946920986383895,0.7075402845187038,0.8323486430463501,0.9965975712036192,0.8282815551426115,0.9940161828550118,0.0034024287979488774,0.28164099454685776,0.005983817
0.015,50,0.7869107088926915,0.7013666803750452,0.8223812166214896,0.9966559683596377,0.8358592859218259,0.993937279893953,0.003344031641930331,0.29160842097171835,0.00606272
0.015,75,0.7787710734016043,0.6950393282706149,0.8103219108828175,0.9967527674221207,0.8383853334049476,0.9938966424971751,0.003247232579447341,0.3036677267103904,0.0061033573
0.015,100,0.7628216584773262,0.6803029249457864,0.7890295266132051,0.9968620512867289,0.8468217081467693,0.9937935468446494,0.003137948714839073,0.3249601109800031,0.0062064533
0.02,0,0.8040189730242221,0.7156250436683799,0.8417155841343208,0.9966477173301982,0.8282756618774615,0.994088523746163,0.0033522826713694846,0.2722740534588873,0.0059114764
0.02,3,0.8038724198307098,0.715520990033361,0.8415431733929631,0.9966493600349593,0.8283381726594509,0.9940882075018301,0.0033506399666085912,0.2724464642002448,0.0059117926
0.02,5,0.8038248274517212,0.7155013580189056,0.8414566361938572,0.9966508253953484,0.8285819467200054,0.994087812196414,0.00334917460621954,0.2725330013993509,0.005912188
0.02,10,0.8011383872701457,0.7136502162162994,0.8391569148447099,0.9966589316527593,0.8287779615847521,0.994079747965925,0.0033410683488086,0.27483272274849807,0.005920252
0.02,20,0.7995855990529214,0.7118656195646319,0.8359644656212408,0.9966781829958263,0.8291170706099023,0.9940638566881966,0.003321817005741339,0.2780251719719671,0.0059361435
0.02,30,0.7954039616803434,0.7085113626599201,0.8293090743853754,0.996705079820549,0.8321207917040785,0.9940468585553033,0.003294920181018236,0.2846805632078324,0.0059531415
0.02,50,0.7848132075166234,0.7001897437623741,0.8179772170245451,0.9967637180746148,0.8389728107170662,0.9939595751194226,0.0032362819269522425,0.29601242056866267,0.006040425
0.02,75,0.7791059916529007,0.6954236237026689,0.8074842593837666,0.9968564048097744,0.8412961543851672,0.9939178308674795,0.00314359519179317,0.3065053782094411,0.0060821692
0.02,100,0.7627254546006703,0.6802095138029685,0.7852718471941431,0.9969715221818677,0.8495774562831074,0.9938054060071331,0.003028477819699711,0.3287177903990649,0.006194594
0.025,0,0.804540273801638,0.7162344207831336,0.8393204366717919,0.9967350924558601,0.8312480299860575,0.9941129536208797,0.003264907545707057,0.27466920092141683,0.0058870465
0.025,3,0.8043877649519862,0.7161248670930753,0.8391556571049237,0.9967368229823123,0.8312930108733548,0.994112400193297,0.003263177019255121,0.2748339804882851,0.0058875997
0.025,5,0.8043257355840902,0.7160865714230463,0.8390575248815433,0.9967376221993903,0.8314233269902643,0.9941108189716326,0.0032623778021768305,0.2749321127116654,0.005889181
0.025,10,0.8013596115073425,0.7139261197488804,0.8363465046872303,0.9967459824728115,0.8314067895800747,0.9941043359628081,0.0032540175287560182,0.27764313290597814,0.005895664
0.025,20,0.8001847779949586,0.7125585712460996,0.8338307012736216,0.996765085018688,0.831880288959512,0.9940879703185804,0.003234914982879385,0.2801589363195866,0.0059120297
0.025,30,0.7959209606166422,0.709120737396958,0.8272507160965717,0.9967886484147229,0.8347983361416347,0.9940684422310238,0.003211351586844616,0.2867389214966365,0.0059315576
0.025,50,0.7854493940360417,0.700904749128629,0.8159423953903153,0.9968513400108381,0.8418284863016966,0.99398574433797,0.0031486599907295594,0.29804724220289264,0.006014256
0.025,75,0.779581585685815,0.6959734333959116,0.8057798612492311,0.9969317414422658,0.8436368734057553,0.9939399679707827,0.0030682585593022702,0.30820977634397706,0.006060032
0.025,100,0.7632011123419444,0.68073296331689,0.7837016856964328,0.9970451263394021,0.85182290350193,0.9938213763459447,0.002954873662166241,0.33028795189677507,0.0061786235
0.03,0,0.8044823480408176,0.7164039946997799,0.8369608940286215,0.9968054964926598,0.8335531521284072,0.9941297145705235,0.0031945035089079184,0.27702874356458634,0.0058702854
0.03,3,0.8044817222872477,0.7164005773167954,0.8369107543244044,0.9968067259057967,0.8337050170234968,0.9941293192651073,0.0031932740957709036,0.27707888326880337,0.005870681
0.03,5,0.8044949641486299,0.7164184492858252,0.8368277262816227,0.9968083451336174,0.8337914796407279,0.9941271846158602,0.003191654867950227,0.277161911311585,0.0058728154
0.03,10,0.8016770333834691,0.7143283909376057,0.8342851046016377,0.9968151314220122,0.833723566526807,0.9941206225459526,0.003184868579555466,0.2797045329915699,0.0058793775
0.03,20,0.8004148407216197,0.7128632743161171,0.8315958001602204,0.9968341955292747,0.8341458455561194,0.9941033081687262,0.0031658044722931303,0.28239383743298696,0.0058966917
0.03,30,0.7964991154565904,0.7096771775018903,0.8253618827687973,0.9968609856196554,0.8390538548973888,0.9940833057146702,0.0031390143819121073,0.2886277548244101,0.005916694
0.03,50,0.7855853390330593,0.7010410374666053,0.8136317432141748,0.9969232769329505,0.8438734933026171,0.9939987103556192,0.0030767230686173453,0.3003578943790329,0.0060012895
0.03,75,0.7797512757298946,0.6962221621624952,0.8040257425455141,0.9970043539311767,0.8506637512257659,0.9939534874160142,0.002995646070391424,0.3099638950476936,0.0060465126
0.03,100,0.7626079588854757,0.6799920449103208,0.7809846273083819,0.9971071000995673,0.8535746304644065,0.9938140236652047,0.0028928999020005415,0.3330050102848261,0.0061859763
0.035,0,0.8045940019169863,0.7164920730812719,0.835124475001695,0.9968622206190525,0.8354859681738369,0.9941387275340111,0.003137779382515797,0.2788651625915129,0.0058612726
0.035,3,0.8045899112920281,0.7164895418099468,0.8350767227656665,0.9968634484337748,0.835521550814263,0.9941384903507614,0.003136551567793511,0.2789129148275413,0.0058615096
0.035,5,0.8045234701012423,0.7164227210214066,0.834906852050991,0.9968650688187825,0.8355923479457736,0.9941366719458473,0.0031349311827858057,0.2790827855422168,0.005863328
0.035,10,0.801863263330798,0.7145090231943185,0.8326119048295658,0.9968711192064771,0.835514874294909,0.9941290030207744,0.0031288807950911384,0.28137773276364186,0.005870997
0.035,20,0.8006124132465368,0.713092712272216,0.8298589281560264,0.9968926785342335,0.8360855712284438,0.994114455781461,0.0031073214673343584,0.2841307094371815,0.0058855442
0.035,30,0.7966891852714346,0.7098740437155796,0.8237690056964406,0.9969188064270518,0.8408881307811261,0.9940937417776559,0.0030811935745160713,0.2902206318967671,0.0059062582
0.035,50,0.7834199024462722,0.699749668646041,0.8104062678860879,0.9969795548913215,0.8471805604573798,0.994008118624523,0.003020445110246863,0.30358336970711985,0.0059918812
0.035,75,0.777210987263005,0.6945600304408509,0.8004388525906049,0.9970579079280186,0.852410486545694,0.9939563336150103,0.002942092073550088,0.3135507850026032,0.0060436665
0.035,100,0.7627154315819152,0.679990954435443,0.7794919639124672,0.9971585763424778,0.8551826910757171,0.9938126796267898,0.0028414236590905205,0.3344976736807405,0.00618732
0.04,0,0.8043477407294193,0.7164112221217311,0.8331385030307524,0.9969119983245419,0.8372509444349395,0.9941479776807484,0.003088001677025994,0.28085113456245575,0.005852022
0.04,3,0.8043026464955497,0.716372643148451,0.8330175672891396,0.99691354405241,0.8373030665432989,0.9941481358029148,0.0030864559491578423,0.2809720703040688,0.0058518643
0.04,5,0.8041153869806418,0.7161563479919082,0.8326630040047021,0.9969144445015946,0.8372452054289796,0.9941447361763361,0.003085555499973259,0.2813266335885064,0.0058552637
0.04,10,0.8019618488059902,0.7146669227911575,0.8308464849847352,0.9969206319654462,0.837874471432267,0.9941363557015144,0.003079368036121566,0.28314315260847306,0.005863644
0.04,20,0.8005913645503681,0.7131724177045112,0.8279704406270817,0.996942626432371,0.8378752423714468,0.9941251290276963,0.003057373569196941,0.28601919696612643,0.005874871
0.04,30,0.7960813754192003,0.7093639036827971,0.8216011449263774,0.9969660554739782,0.8425370317219444,0.9940976948318172,0.0030339445275895595,0.29238849266683076,0.0059023052
0.04,50,0.7836525200065592,0.7000497211214858,0.8091619615269317,0.9970252498144581,0.8487100237233507,0.9940154713052629,0.0029747501871097877,0.30482767606627637,0.005984529
0.04,75,0.7773166647880762,0.6946654380240768,0.7987437983268507,0.997107107578956,0.8540512552961492,0.9939644769065825,0.00289289242261179,0.31524583926635735,0.006035523
0.04,100,0.763071488497337,0.680399350083606,0.7784375402898962,0.9972115407296507,0.8568113299591448,0.9938269106217702,0.0027884592719169647,0.3355520973033118,0.006173089
0.045,0,0.8040810955180684,0.716143775334638,0.8313663879993692,0.9969555954047984,0.8388240499482434,0.9941543816284898,0.0030444045967692886,0.28262324959383883,0.0058456184
0.045,3,0.8040772194140218,0.7161482945948365,0.8312850484796047,0.9969570599750274,0.8388783678068645,0.9941542235063233,0.003042940026540192,0.28270458911360336,0.0058457763
0.045,5,0.8039220721568933,0.7159675516042792,0.8309767712834403,0.9969582798611597,0.8388427097535137,0.9941518516738266,0.003041720140407951,0.2830128663097679,0.0058481484
0.045,10,0.8017927778258317,0.714475551166701,0.8290576603746308,0.9969637376264933,0.8393701938576174,0.9941429968325053,0.0030362623750741628,0.28493197721857744,0.0058570034
0.045,20,0.8006532521073793,0.7132371283296081,0.8266260742943224,0.9969869511799481,0.8394826358153138,0.9941344582355169,0.003013048821619609,0.28736356329888574,0.0058655418
0.045,30,0.7948538218224505,0.7086441211720194,0.8195097231081188,0.9970104312707542,0.8456759434590116,0.9941027547411436,0.0029895687308132326,0.2944799144850895,0.0058972454
0.045,50,0.7836303514939751,0.7000276469149547,0.8079545839287252,0.997064113727358,0.8497517632420992,0.9940222705584203,0.002935886274209846,0.3060350536644829,0.0059777293
0.045,75,0.7770516886893435,0.6941730837595385,0.7968547147593331,0.9971537963291043,0.8551948811217625,0.9939599704248385,0.0028462036724633583,0.3171349228338751,0.0060400297
0.045,100,0.7631335702132347,0.6804380741336012,0.777492952143971,0.9972466573199292,0.8577935005574266,0.9938322867754297,0.00275334268163829,0.3364966854492371,0.006167713
0.05,0,0.8035679481925199,0.7156477318153777,0.8294179099877962,0.9969935683502058,0.8398767222455991,0.9941571487664026,0.0030064316513622384,0.28457172760541205,0.005842851
0.05,3,0.8034994090070614,0.7155816876833325,0.8292420116190973,0.996994871343621,0.8398875645203551,0.9941568325220698,0.003005128657947031,0.28474762597411124,0.0058431677
0.05,5,0.8034049333662017,0.7154434457879918,0.828993290548739,0.9969960903795625,0.8399402249686521,0.9941546188117394,0.003003909622005368,0.28499634704446947,0.0058453814
0.05,10,0.8015596362892375,0.7142226680542008,0.8274370082985708,0.9970010518821351,0.8405021838315746,0.994144973359586,0.0029989481194329657,0.28655262929463776,0.0058550267
0.05,20,0.7972645468164911,0.7106733874329129,0.8220636323951098,0.9970257475942625,0.8428684503314959,0.9941388856561776,0.0029742524073052795,0.2919260051980987,0.0058611142
0.05,30,0.7948242430677527,0.7086306761827365,0.8183384314483031,0.9970461974454417,0.8468652346192336,0.9941072612228874,0.002953802556126051,0.29565120614490537,0.0058927387
0.05,50,0.7836886558156019,0.7000590840792396,0.8069156958542232,0.997100001507565,0.8507497462728603,0.994023219291419,0.002899998494002543,0.30707394173898506,0.005976781
0.05,75,0.7771125372774607,0.6941978817567414,0.7958394503756411,0.9971885114035361,0.8561792729890555,0.9939591798140063,0.002811488598031262,0.3181501872175667,0.0060408204
0.05,100,0.7614149502367074,0.6793572883694374,0.7752751834925868,0.9972849009389092,0.860867954030286,0.9938255665833555,0.002715099062658174,0.338714454100621,0.0061744335
0.055,0,0.8034164062386088,0.7156076225873194,0.8280760124521924,0.9970314584154915,0.8410268957670524,0.9941630783476445,0.0029685415860764295,0.28591362514101576,0.0058369217
0.055,3,0.8033848932091037,0.7155774762487348,0.8279779532795044,0.9970326064267495,0.8410491874283874,0.9941629202254781,0.002967393574818505,0.2860116843137039,0.0058370796
0.055,5,0.8032531456484747,0.7153958453443434,0.8276676998593504,0.9970344969991888,0.8410958742412488,0.9941603902708149,0.0029655030023791476,0.2863219377338579,0.0058396095
0.055,10,0.8016122268678082,0.7143234051785453,0.8262812248297067,0.9970385347305413,0.8416919732799983,0.9941505866964949,0.0029614652710267158,0.2877084127635017,0.005849413
0.055,20,0.797126572320522,0.7105875707718425,0.8206856951808439,0.997062253348037,0.843880437865268,0.9941410203054246,0.002937746653531106,0.2933039424123642,0.0058589797
0.055,30,0.7943593798873368,0.7082760678218621,0.8165052562572608,0.9970857099478596,0.8477801353235629,0.994109553994301,0.0029142900537086794,0.2974843813359474,0.005890446
0.055,50,0.7838892143442456,0.7003374051438206,0.8059422440471069,0.9971406821009272,0.8519784714527308,0.9940340506598209,0.0028593179006406984,0.3080473935461011,0.0059659495
0.055,75,0.7768930737514241,0.6940657937210467,0.7940017294554588,0.9972348413961402,0.8579791801138258,0.9939692996326591,0.002765158605428099,0.3199879081377491,0.0060307
0.055,100,0.7612368156783139,0.679069016520302,0.7736286466524773,0.9973236713031525,0.8618629074324441,0.9938111774662085,0.0026763286984157,0.34036099094073063,0.0061888224
0.06,0,0.803407376722263,0.7155622832152436,0.8268926803240491,0.9970650428424557,0.8423221657859271,0.9941653711190581,0.0029349571591123385,0.28709695726915924,0.005834629
0.06,3,0.8034137062668752,0.715571780225143,0.8268483288043026,0.997066348311333,0.8423688752371857,0.9941651339358084,0.002933651690235058,0.2871413087889056,0.005834866
0.06,5,0.8032701812687463,0.715373237026085,0.8265274845659042,0.9970679158073242,0.8424075743625913,0.9941621296146459,0.002932084194243818,0.28746215302730416,0.0058378703
0.06,10,0.8016387865589222,0.7143285700122104,0.8252188712934492,0.9970717132381982,0.8429023290921593,0.9941528004068253,0.0029282867633700347,0.2887707662997592,0.0058472
0.06,20,0.7971189314530568,0.7105508181980313,0.8196142769959381,0.9970947865622022,0.845008192373259,0.994142522466006,0.0029052134393656014,0.2943753605972699,0.0058574774
0.06,30,0.7943778362076237,0.7082855018878662,0.8155244102931678,0.9971174198908782,0.8488094588820467,0.9941122420711306,0.0028825801106896506,0.29846522730004,0.005887758
0.06,50,0.7839758604146708,0.700396524457699,0.8050769527993527,0.9971712483889356,0.8528997111240079,0.994036896858817,0.0028287516126324235,0.30891268479385525,0.005963103
0.06,75,0.7769714011877709,0.6941071886296517,0.7931913770170336,0.9972638668499706,0.8588481561985968,0.993971355220823,0.0027361331515976324,0.3207982605761742,0.0060286447
0.06,100,0.7613342941006283,0.6791405663678853,0.7729005002233015,0.9973513763143369,0.8627132999364023,0.9938129958711227,0.0026486236872310734,0.34108913736990654,0.006187004
0.065,0,0.8031409190514608,0.7153641070454703,0.82566158418197,0.9970970428713849,0.8433305705861361,0.9941701147840516,0.002902957130183067,0.28832805341123835,0.005829885
0.065,3,0.8031560462624691,0.7153834542082196,0.8256348335721736,0.9970983526649997,0.8433796164792895,0.9941701147840516,0.002901647336568243,0.28835480402103475,0.005829885
0.065,5,0.8030631855742483,0.7152537366563932,0.8253985030237243,0.9970997516273085,0.8434349564220508,0.9941673476461387,0.0029002483742596036,0.2885911345694838,0.0058326526
0.065,10,0.8016405093721279,0.7143553857272427,0.8242013090558631,0.9971042632014081,0.8439802987537406,0.9941592834156497,0.002895736800160113,0.28978832853734504,0.0058407164
0.065,20,0.7969377940196675,0.7103868695133577,0.8184486673751338,0.997125890581393,0.8459822872575015,0.9941451314817524,0.002874109420175108,0.2955409702180744,0.0058548683
0.065,30,0.7944260871072407,0.7083669679272764,0.8147001429196192,0.9971477050337181,0.8497413013844288,0.9941175391637067,0.002852294967850008,0.2992894946735889,0.0058824606
0.065,50,0.7841710554744863,0.7006320514254696,0.8043647931300824,0.9972087629458158,0.853907378158706,0.9940500209986324,0.002791237055752183,0.3096248444631258,0.005949979
0.065,75,0.7770884979950724,0.694231272612044,0.7924598526859599,0.9972949220446274,0.8597735849266182,0.993975545458234,0.002705077956940248,0.3215297849072483,0.0060244547
0.065,100,0.7614079384486941,0.6792121123383071,0.7722542861758931,0.9973775504951816,0.8634614605769427,0.9938167117420342,0.00262244950638635,0.34173535141731537,0.006183288
0.07,0,0.8031918149160109,0.7154236379409814,0.824815224367081,0.9971276016811215,0.8442184283592976,0.9941756490598774,0.0028723983204459497,0.2891744132261272,0.0058243508
0.07,3,0.8031831905510998,0.715412748019891,0.8247540250252617,0.9971288281049774,0.8442578717815653,0.994175174693378,0.0028711718965900965,0.28923561256794644,0.0058248253
0.07,5,0.8031165192353206,0.715313036029824,0.8245537709936028,0.9971302270672862,0.8443240229953206,0.9941728819219645,0.002869772934281457,0.2894358665996055,0.005827118
0.07,10,0.8017114098151361,0.7144479385839846,0.8233951240625156,0.9971350640814681,0.8448988376334146,0.9941657664244742,0.002864935920099754,0.2905945135306928,0.0058342335
0.07,20,0.7972198276760628,0.7107707088912802,0.8175067560855235,0.9971569771893847,0.8473575106383952,0.9941497960856626,0.0028430228121831417,0.2964828815076845,0.005850204
0.07,30,0.7943922253892026,0.7083029340717822,0.8138123912435912,0.9971769673735946,0.8505317806580222,0.9941170647972072,0.002823032627973013,0.3001772463496166,0.005882935
0.07,50,0.7842958876865459,0.7007576166984162,0.8035436292336962,0.9972396427731564,0.8549551689754682,0.9940575318015387,0.0027603572284114575,0.3104460083595117,0.005942468
0.07,75,0.7765961692765686,0.6937735270693854,0.7910779272845759,0.9973233947684494,0.8605570346408156,0.9939777591685642,0.0026766052331179727,0.32291171030863214,0.006022241
0.07,100,0.7614299586622489,0.6792010152817026,0.7715803084771713,0.9974031231489773,0.8641838452156259,0.9938152886425362,0.002596876852590083,0.3424093291160366,0.0061847116
0.075,0,0.8030546046358152,0.7152629507221278,0.8237805542978756,0.9971516866008123,0.8449393491678462,0.9941739887771297,0.002848313400755644,0.29020908329533257,0.0058260113
0.075,3,0.803046348132187,0.7152545942191272,0.8237220437152489,0.9971530906829836,0.8449794184437153,0.9941739097160465,0.0028469093185843146,0.29026759387795925,0.0058260905
0.075,5,0.8026568513212421,0.7149791472961188,0.8233469275045727,0.9971543199329369,0.8450419129406148,0.9941709053948838,0.0028456800686308967,0.290642710088635,0.0058290944
0.075,10,0.8016585796789993,0.7143443591998587,0.8224131364073299,0.9971598236632018,0.8456284536197891,0.9941649758136419,0.0028401763383661895,0.2915765011858779,0.005835024
0.075,20,0.7966840158032337,0.7101852964058032,0.8157622747681619,0.9971808368702106,0.8478141049031284,0.9941456058482516,0.0028191631313577155,0.29822736282504586,0.0058543943
0.075,30,0.7943817176901865,0.708234238222778,0.8129787294917376,0.9971994929105641,0.8512736566336021,0.9941155626366259,0.00280050709100385,0.30101090810147035,0.0058844374
0.075,50,0.7842777307735724,0.7006966502724841,0.8027575815317657,0.9972614141269592,0.8556084340798826,0.9940562668242069,0.0027385858746085717,0.311232056061442,0.0059437333
0.075,75,0.7766246474473424,0.6937438477183333,0.7903874970266813,0.9973440233095557,0.8612122634184317,0.9939760988858164,0.002655976692011578,0.3236021405665265,0.006023901
0.075,100,0.7614080917634669,0.6790789929385904,0.7707993354501435,0.9974244196074329,0.8648612514216724,0.9938084103282956,0.002575580394134948,0.3431903021430646,0.00619159
0.08,0,0.8028721499743858,0.7151034310020996,0.8225957527170307,0.9971770561997998,0.8461976036161178,0.9941756490598772,0.002822943801767732,0.2913938848761775,0.0058243508
0.08,3,0.8028618683800726,0.7150914625310021,0.8225358872152729,0.997178291781441,0.8462356823348147,0.9941752537544611,0.0028217082201266786,0.29145375037793503,0.005824746
0.08,5,0.8017518711140659,0.714436958097635,0.8216800418171321,0.9971800710677973,0.8466845827110675,0.9941726447387147,0.0028199289337703442,0.292309595776076,0.005827355
0.08,10,0.8016500919038136,0.714294913987779,0.8214101634268506,0.9971844556954482,0.8467520767685682,0.9941661617298901,0.002815544306119418,0.2925794741663573,0.005833838
0.08,20,0.796709697634697,0.7102012659856028,0.8148937530021246,0.9972048266559025,0.8489552681335835,0.9941472661309991,0.0027951733456655047,0.2990958845910832,0.0058527337
0.08,30,0.7943806360243899,0.7082241521014826,0.812093291879702,0.997223997498121,0.8521937282681822,0.9941165113696245,0.002776002503446775,0.3018963457135059,0.005883489
0.08,50,0.7843082220124429,0.7007215349033741,0.8019988601344382,0.9972840249003024,0.8563541218676826,0.9940577689847881,0.002715975101265295,0.31199077745876946,0.005942231
0.08,75,0.776637495678989,0.6937521141640456,0.7896608772448841,0.997365494166928,0.8618745023098714,0.9939771266798982,0.0026345058346404445,0.32432876034832375,0.0060228733
0.08,100,0.7606013966003763,0.6784176042081984,0.7689948003725029,0.9974496491321009,0.8654840642817503,0.9938028760524699,0.0025503508694674363,0.344994837220705,0.006197124
0.085,0,0.8027871137128768,0.7150776482464873,0.8216583889399158,0.9972009676964437,0.8470429392453064,0.9941790486864558,0.0027990323051244265,0.29233124865329246,0.0058209514
0.085,3,0.8026991473957167,0.7149601909939224,0.8214798740877323,0.9972021236948337,0.8470491446047378,0.9941785743199565,0.0027978763067345366,0.29250976350547614,0.0058214255
0.085,5,0.8016385329086942,0.7143742669591514,0.8207459029558631,0.9972038238174317,0.8474734404418096,0.99417596530421,0.002796176184136591,0.29324373463734515,0.0058240346
0.085,10,0.8015451791200697,0.7142448122451037,0.8204829549385989,0.997208796757978,0.8475497089579783,0.9941705891505507,0.0027912032435901675,0.2935066826546093,0.0058294106
0.085,20,0.7965597908823189,0.7100931715054627,0.8139940677286078,0.9972275229755418,0.8496702117358474,0.9941507448186611,0.0027724770260264247,0.2999955698646,0.0058492552
0.085,30,0.7942665100381315,0.7081533880870166,0.8112445133598358,0.9972466083324996,0.8529230640048355,0.9941203063016193,0.002753391669068626,0.3027451242333721,0.0058796937
0.085,50,0.7841172879243079,0.7005396254867294,0.800856850728801,0.9973074787540748,0.8570260928984167,0.9940609314281172,0.0026925212474928463,0.31313278686440676,0.0059390687
0.085,75,0.7766529926465325,0.6937690449365255,0.7890249032877011,0.9973863041172836,0.8625483818996509,0.9939807634897266,0.0026136958842839526,0.3249647343055068,0.0060192365
0.085,100,0.7606857034723105,0.678506864987484,0.7685078467592592,0.9974691551428375,0.8660912061459463,0.9938059594347156,0.0025308448587302666,0.3454817908339488,0.0061940406
0.09,0,0.8027447241109514,0.7150786863215487,0.8208095992932491,0.997224165603496,0.8477765665054445,0.9941814205189525,0.0027758343980718273,0.29318003829995926,0.0058185793
0.09,3,0.8026258190736162,0.7149248929058111,0.820581139659968,0.9972252445537845,0.8477584256436298,0.9941807089692035,0.0027747554477834113,0.29340849793324025,0.005819291
0.09,5,0.801580822237487,0.7143564013103898,0.8199136668223864,0.9972266149982651,0.8481108847033129,0.9941774674647913,0.0027733850033028096,0.2940759707708217,0.0058225323
0.09,10,0.8014374054234885,0.7141635250158278,0.81956766036131,0.9972312528884836,0.8481590168442431,0.9941724075554649,0.002768747113084268,0.29442197723189806,0.005827592
0.09,20,0.7965470543788656,0.7101221504136881,0.8133125959212751,0.9972512811228004,0.8502721448520191,0.9941550141171552,0.002748718878767775,0.3006770416719328,0.005844986
0.09,30,0.7942633937046857,0.7081913895974503,0.8106290317954421,0.9972685091518467,0.8535792881725252,0.994122678134116,0.002731490849721267,0.30336060579776586,0.005877322
0.09,50,0.7829867686184214,0.6999312962651547,0.7990395429838756,0.9973308076791276,0.8565736060174959,0.9940614848556998,0.0026691923224405364,0.31495009460933227,0.005938515
0.09,75,0.776630984741037,0.6936465314097646,0.7883108181731892,0.9974063725532895,0.8631776691817457,0.993972462075988,0.0025936274482784225,0.3256788194200187,0.006027538
0.09,100,0.760812094871954,0.6786233347452442,0.7681091244824648,0.9974878334116026,0.8667101662360861,0.9938082522061291,0.0025121665899651155,0.3458805131107432,0.0061917477
0.095,0,0.8026872106197543,0.7149735514328744,0.8199998114564829,0.9972461084971268,0.8484184843987771,0.9941828436184506,0.0027538915044414067,0.2939898261367251,0.0058171563
0.095,3,0.8025662962949681,0.7148198701150602,0.8197690429054341,0.9972473556238295,0.8484014440682041,0.9941821320687015,0.0027526443777386228,0.29422059468777395,0.005817868
0.095,5,0.8015221231047639,0.7142525727332983,0.8191061903639739,0.9972484738036886,0.8487513359236698,0.9941787324421228,0.002751526197879573,0.29488344722923404,0.0058212676
0.095,10,0.8013718450265827,0.714049527969485,0.8187553089193906,0.997252947663889,0.848794391136344,0.9941729609830474,0.0027470523376793175,0.2952343286738173,0.005827039
0.095,20,0.7966104361391201,0.7101363863809679,0.8125604354411143,0.9972740698452833,0.8510607625944923,0.9941584928048172,0.0027259301562849374,0.30142920215209373,0.005841507
0.095,30,0.7943172726861422,0.7081991343951067,0.8098837685710593,0.9972908858918883,0.8543473548393601,0.9941262358828612,0.0027091141096799785,0.3041058690221489,0.005873764
0.095,50,0.7830647310971022,0.6999462966343425,0.7983087939784994,0.9973539606493212,0.857334272187091,0.9940641729325295,0.0026460393522474025,0.3156808436147086,0.0059358273
0.095,75,0.7759466316755163,0.6928358803330078,0.7865998575293716,0.9974277586778364,0.8636932338769419,0.9939709599154067,0.0025722413237318485,0.32738978006383634,0.00602904
0.095,100,0.7596846284683134,0.6775165232432435,0.7660692724316862,0.9975120863693426,0.8672455565907482,0.9937964721047285,0.0024879136322256824,0.34792036516152197,0.006203528
0.1,0,0.8025254530576474,0.7148938883643322,0.8191780160416747,0.9972664948351677,0.8492504081806908,0.9941836342292829,0.0027335051664001404,0.2948116215515333,0.0058163656
0.1,3,0.8024023679410727,0.7147367983808934,0.8189440356836378,0.9972677415700368,0.8492334774443451,0.9941825273741177,0.0027322584315313133,0.2950456019095703,0.0058174725
0.1,5,0.8015576590558426,0.7143029012456958,0.8183958384992724,0.9972695150513884,0.849622620789105,0.994180550847037,0.0027304849501796078,0.2955937990939356,0.005819449
0.1,10,0.8014064523109796,0.7140926384156323,0.8180688958350455,0.9972729182869913,0.8496400946565572,0.9941746212657951,0.0027270817145768214,0.2959207417581625,0.005825379
0.1,20,0.7966529847753105,0.710191299416821,0.8119229024189325,0.9972936387661632,0.8518580018394847,0.9941603112097314,0.0027063612354047794,0.30206673517427557,0.0058396887
0.1,30,0.794351601927989,0.7082331141805271,0.8092397883782355,0.9973103771380528,0.8550935290016319,0.9941260777606947,0.002689622863514973,0.3047498492149727,0.0058739223
0.1,50,0.7831577584829998,0.700049290908894,0.797787093588618,0.9973724555537207,0.8579720602839926,0.9940660703985269,0.002627544447847184,0.3162025440045901,0.0059339297
0.1,75,0.776058178361096,0.6929530838886802,0.7861363067673716,0.997445521352678,0.8643255552166607,0.9939727783203209,0.002554478648889499,0.32785333082583656,0.0060272217
0.1,100,0.7597936300351256,0.6776278263602626,0.7656450212989537,0.9975291142571294,0.8678658659860058,0.9937982114485595,0.0024708857444381434,0.34834461629425467,0.006201789
0.105,0,0.8023448069122526,0.7147491342853121,0.818366147671913,0.9972839751491688,0.8500954186149281,0.9941820530076183,0.0027160248523991305,0.29562348992129495,0.005817947
0.105,3,0.8018237243388189,0.7143854666184527,0.8179224198126087,0.9972853849707739,0.850084379909211,0.9941810252135365,0.0027146150307941724,0.29606721778059913,0.0058189747
0.105,5,0.8015475508185472,0.7142462048816838,0.817656320208936,0.9972873290499671,0.8504629963807977,0.9941792068086223,0.0027126709516009186,0.29633331738427193,0.005820793
0.105,10,0.8014031922959557,0.7140260008352276,0.8173416376887565,0.9972902331464505,0.8504863617428602,0.9941715378835494,0.002709766855117523,0.29664799990445156,0.005828462
0.105,20,0.7967092781484332,0.7101970465233012,0.8113273064785768,0.997310227296716,0.8527243142873964,0.9941585718659004,0.0026897727048520127,0.30266233111463126,0.005841428
0.105,30,0.794417722207978,0.7082529355761068,0.808676238464387,0.9973268864346333,0.8558243366075674,0.9941245756001135,0.0026731135669345,0.30531339912882133,0.0058754245
0.105,50,0.7831819212897293,0.7000329504439232,0.7972311616711757,0.9973883864044099,0.8586008551156566,0.9940643310546959,0.00261161359715806,0.3167584759220324,0.005935669
0.105,75,0.7760889777274002,0.6929351562763942,0.785625601959,0.9974603922933236,0.8648521460823705,0.9939708808543235,0.002539607708244523,0.32836403563420796,0.0060291192
0.105,100,0.7596758676185763,0.677364023067904,0.7648995013191869,0.9975441427034212,0.8683633495914663,0.9937898309737376,0.002455857298146991,0.34909013627402125,0.006210169
0.11,0,0.8022717746288967,0.71467139197512,0.8175529153109389,0.9973039244212811,0.8506755419193289,0.9941839504736157,0.0026960755802863923,0.2964367222822689,0.0058160494
0.11,3,0.8017735139754273,0.7143328410509077,0.8171585821493578,0.9973052523062178,0.8506764320757134,0.9941829226795338,0.0026947476953496333,0.2968310554438501,0.005817077
0.11,5,0.8015031376158747,0.7142058370103856,0.8168975260373951,0.9973076961145533,0.8510625333224393,0.9941818158243687,0.0026923038870141813,0.2970921115558128,0.005818184
0.11,10,0.8014202691398744,0.7140582769897447,0.8165795397576124,0.9973122078599806,0.8511633960685674,0.9941754909377106,0.0026877921415869423,0.2974100978355954,0.005824509
0.11,20,0.7967093403656682,0.7102044674499223,0.8106648452849438,0.9973303645664575,0.8533390601358051,0.9941620505535623,0.0026696354351101407,0.3033247923082646,0.0058379495
0.11,30,0.7944160945669738,0.7082626869033637,0.8080201583046931,0.9973467721703138,0.8564364004658007,0.994128212409942,0.002653227831253959,0.30596947928851526,0.0058717877
0.11,50,0.7828406181443037,0.699741539099873,0.7960204219756881,0.9974093595812555,0.8591618902187877,0.994067177253692,0.0025906404203122776,0.3179692156175201,0.005932823
0.11,75,0.7760670173400529,0.6928774802918025,0.7848980202991497,0.9974829418815041,0.8655625231359518,0.9939697739991584,0.0025170581200639626,0.32909161729405856,0.006030226
0.11,100,0.7594973042480831,0.6770999661946767,0.7634516795282175,0.9975667709219788,0.8693069877881745,0.9937866685304088,0.00243322907958923,0.35053795806499105,0.0062133316
0.115,0,0.8021274472620376,0.7145382371626602,0.8166334609627989,0.9973246130267808,0.8514079882953318,0.9941855316952802,0.00267538697478698,0.2973561766304091,0.0058144685
0.115,3,0.801644970965648,0.7142097754032747,0.8162175971373075,0.9973258483668797,0.8516111824018924,0.9941842667179487,0.0026741516346881645,0.29777204045590044,0.005815733
0.115,5,0.8014189755074695,0.7140967847324641,0.8160214094170264,0.9973283106588078,0.8516973565544425,0.9941827645573674,0.002671689342760077,0.2979682281761817,0.0058172354
0.115,10,0.8013340749508473,0.7139463380665053,0.8157149662986375,0.9973323260667668,0.8517875292375482,0.9941763606096261,0.002667673934800958,0.2982746712945708,0.005823639
0.115,20,0.7968014247364953,0.7102648961185042,0.8097831703913102,0.9973530104452417,0.8560991951723252,0.994164738630392,0.002646989556326479,0.30420646720189815,0.005835261
0.115,30,0.7924889184600894,0.7069427729141137,0.8058754275903459,0.9973658262044764,0.8568687882759358,0.994122994378449,0.002634173797091795,0.3081142100028624,0.0058770054
0.115,50,0.7826819063217688,0.6994824570553851,0.7949147259994466,0.9974311176878246,0.8598867630729119,0.994059113023203,0.002568882313743678,0.31907491159376156,0.005940887
0.115,75,0.7756149987757802,0.6922201703693847,0.7833602139750283,0.9975043301160065,0.8660550982914806,0.993962263196252,0.0024956698855616182,0.3306294236181797,0.006037737
0.115,100,0.7590781471300031,0.6765462720162283,0.7621438860780507,0.9975852767294103,0.8698961557791433,0.9937798692772514,0.002414723272157563,0.35184575151515746,0.0062201307
0.12,0,0.8019649793535721,0.7144109821993052,0.8158248152704113,0.9973441787345948,0.8520356656095165,0.9941865594893622,0.002655821266973123,0.2981648223227968,0.0058134403
0.12,3,0.801327551653523,0.7140062573959836,0.815328437855758,0.997345408946373,0.8522546336477722,0.9941852945120306,0.0026545910551949185,0.2986611997374501,0.0058147055
0.12,5,0.8013153561775855,0.7139845670563302,0.8152372967309405,0.9973475497509864,0.8523222613681194,0.9941831598627835,0.002652450250581503,0.29875234086226776,0.00581684
0.12,10,0.8011316665646113,0.7137494596568955,0.8147626882263387,0.9973518821678647,0.8523823887542997,0.9941771512204584,0.0026481178337029376,0.2992269493668696,0.005822849
0.12,20,0.7966785673845747,0.7101418363860154,0.8090365717413353,0.9973722142186674,0.856733791477157,0.9941655292412243,0.002627785782900694,0.3049530658518731,0.005834471
0.12,30,0.7925581099192701,0.7069857286158453,0.8052757155784235,0.9973864190699671,0.8576224750815521,0.9941266311882775,0.002613580931600818,0.30871392201478487,0.0058733686
0.12,50,0.7826687511246118,0.6994432934129559,0.7943538410754113,0.9974481664660326,0.8603928700864907,0.9940599036340353,0.002551833535535054,0.319635796517797,0.0059400965
0.12,75,0.7725004058930114,0.6899409078402694,0.7804738572828331,0.9975218614029869,0.8670911136552532,0.9939530921105979,0.0024781385985805753,0.3335157803103752,0.006046908
0.12,100,0.759094787460234,0.6765406192258246,0.7616739324396321,0.997601262616362,0.8704115954695402,0.9937806598880835,0.002398737385205356,0.35231570515357613,0.00621934
0.125,0,0.8019334942083584,0.7143794381617603,0.8151266789539222,0.9973616653699571,0.8526579494413357,0.9941879825888602,0.0026383346316107784,0.2988629586392857,0.0058120172
0.125,3,0.8012907565661113,0.7139689171236664,0.8146292032913743,0.9973628162324879,0.8528715459785327,0.9941865594893622,0.0026371837690798757,0.2993604343018337,0.0058134403
0.125,5,0.8012871181185743,0.7139614783721949,0.8145429869004451,0.9973651143944524,0.852950037043759,0.9941848992066145,0.0026348856071155046,0.2994466506927628,0.005815101
0.125,10,0.8010880836467336,0.7137052798246049,0.8140698120834887,0.9973689656718976,0.8529789137497982,0.9941784952588733,0.002631034329670135,0.2999198255097194,0.0058215046
0.125,20,0.7966337555556848,0.7100977805427825,0.8083730438907082,0.9973888924423441,0.8573207745878948,0.9941667942185558,0.002611107559223655,0.3056165937025,0.0058332058
0.125,30,0.7911824549454676,0.7061594962555442,0.8038262825782105,0.9974030898762888,0.858574982245574,0.994123626867115,0.002596910125278838,0.31016335501499775,0.005876373
0.125,50,0.7821318254752245,0.698892705497269,0.793130839323108,0.9974642527496794,0.8608649520939116,0.994058401473454,0.0025357472518880673,0.3208587982701,0.0059415987
0.125,75,0.7715244751658,0.6890030093871966,0.778749497939429,0.9975390398666056,0.8680897153620858,0.9939506412170179,0.0024609601349621923,0.335240139653779,0.0060493588
0.125,100,0.7581152152998695,0.6755972318143596,0.7599737285596696,0.9976179515814588,0.8714223902494104,0.9937784461777532,0.0023820484201085555,0.35401590903353847,0.006221554
0.13,0,0.8019287814625359,0.7143606314133053,0.8145478780669599,0.9973787327126461,0.8534008109322009,0.9941878244666938,0.0026212672889217832,0.2994417595262481,0.0058121756
0.13,3,0.8012794273639047,0.7139475735864294,0.8140629001459395,0.9973799712724174,0.8535118549268164,0.9941865594893622,0.0026200287291505663,0.29992673744726867,0.0058134403
0.13,5,0.801275433603374,0.7139396371255441,0.8139808685345402,0.9973819352044898,0.8535853637972044,0.9941848201455312,0.002618064797078148,0.3000087690586679,0.00581518
0.13,10,0.8010780498519559,0.7136900782370061,0.8135004031389246,0.9973862716507891,0.8536280248020729,0.9941783371367068,0.002613728350778801,0.3004892344542834,0.005821663
0.13,20,0.7966131598079905,0.7100781352718274,0.8078407586561885,0.9974050666621059,0.8579093904465989,0.9941667151574727,0.0025949333394617957,0.3061488789370197,0.005833285
0.13,30,0.7912144274519513,0.7061783381302119,0.8033433525176293,0.9974190158861828,0.8591747300918002,0.9941237849892813,0.002580984115385198,0.3106462850755788,0.005876215
0.13,50,0.7821739651955881,0.6989213941910212,0.7927019764229163,0.9974796079576103,0.861483736075515,0.9940587177177869,0.0025203920439574802,0.3212876611702917,0.0059412825
0.13,75,0.7715567802001634,0.6890252142436345,0.7783534098581674,0.9975536708321345,0.8685380250090277,0.9939507202781012,0.0024463291694334353,0.33563622773504076,0.0060492796
0.13,100,0.7581131979957605,0.6755593265896285,0.7595207192958315,0.9976330916521705,0.8719078681524615,0.9937738606349261,0.0023669083493973505,0.35446891829737665,0.006226139
0.135,0,0.8018586824802574,0.7143055203696331,0.8138518950760081,0.9973958740378316,0.8539494329189454,0.9941867176115287,0.0026041259637367216,0.30013774251720005,0.0058132824
0.135,3,0.8012175942806536,0.7139010253821569,0.8133801995818796,0.9973970284493072,0.8540640603618449,0.9941853735731138,0.002602971552261055,0.3006094380113286,0.0058146263
0.135,5,0.8012138545249952,0.7138926755157616,0.8132980463051364,0.9973989923813799,0.8541381626613036,0.9941839504736157,0.002601007620188637,0.30069159128807194,0.0058160494
0.135,10,0.8009781206439786,0.7136172725662547,0.8127400505473568,0.9974041620386968,0.8541654006042162,0.9941783371367068,0.002595837962871465,0.30124958704585164,0.005821663
0.135,20,0.7965928250425373,0.7100756545939306,0.8072433111884695,0.9974217092902352,0.8584420240962034,0.9941663198520565,0.00257829071133296,0.3067463264047389,0.0058336803
0.135,30,0.7912314466680311,0.706177971091082,0.8027418814288401,0.9974361522448048,0.8597663749448876,0.9941210969124518,0.0025638477567631597,0.31124775616436806,0.005878903
0.135,50,0.7821204712766022,0.6988617253634062,0.7916957148676746,0.9975007411339637,0.8621103306015642,0.9940567411907063,0.002499258867604511,0.32229392272553353,0.0059432588
0.135,75,0.7716265128185498,0.6890841975224616,0.7778871864152945,0.9975711066708083,0.869132082635433,0.9939504040337682,0.002428893330759598,0.33610245117791354,0.006049596
0.135,100,0.7580121056230423,0.6753250455849243,0.7587735855966503,0.9976511265386871,0.8725255066323169,0.9937612108616102,0.0023488734628803673,0.35521605199655776,0.0062387893
0.14,0,0.801707333207049,0.7141264465211019,0.8130935354030729,0.9974127999989892,0.854438915774809,0.9941852154509474,0.0025872000025789874,0.30089610219013513,0.0058147847
0.14,3,0.8010730077487056,0.7137348335985759,0.8126271090449212,0.997414198619026,0.8545626022757616,0.9941842667179487,0.002585801382542291,0.30136252854828666,0.005815733
0.14,5,0.8010732086544678,0.7137327239878251,0.8125609866776922,0.9974161741737158,0.8546281704646796,0.994183713290366,0.0025838258278522834,0.3014286509155155,0.005816287
0.14,10,0.8008142721774516,0.7134246193745739,0.8119873574560426,0.9974204312485039,0.8546258053038932,0.9941760443652932,0.0025795687530641466,0.3020022801371654,0.0058239554
0.14,20,0.7964637458410175,0.7099200350745011,0.8065542727540799,0.9974379013175003,0.8588915060773368,0.9941642642638926,0.0025620986840677157,0.3074353648391282,0.0058357357
0.14,30,0.7911746885525478,0.7061090213076279,0.8021284179765422,0.9974544864243329,0.8602636973246647,0.9941228362562827,0.002545513577235183,0.31186121961666596,0.0058771637
0.14,50,0.7820765424761048,0.6988012479651151,0.7911365377265119,0.9975156852626227,0.8625453474600099,0.9940561877631237,0.002484314738945694,0.3228530998666958,0.0059438124
0.14,75,0.7716142052450427,0.6890435631019036,0.7773738248432585,0.9975854781334034,0.8695710979942604,0.9939497715451024,0.0024145218681645734,0.33661581274994934,0.0060502286
0.14,100,0.7580565673870138,0.6753465592380545,0.7583566659169143,0.9976648392532742,0.8729875362043923,0.9937606574340276,0.002335160748293648,0.35563297167629354,0.0062393425
0.145,0,0.8015725528164204,0.7139939844386852,0.812391758390983,0.9974280889323435,0.8549229936218418,0.9941846620233648,0.0025719110692247835,0.3015978792022252,0.005815338
0.145,3,0.8010187069672171,0.7136452422465726,0.8119695172438488,0.9974294036412065,0.8550457934015302,0.9941839504736157,0.002570596360361732,0.30202012034935916,0.0058160494
0.145,5,0.8010126488546917,0.7136327096386544,0.8118923092050221,0.9974313791958963,0.8551108490691588,0.9941828436184506,0.0025686208056717244,0.30209732838818576,0.0058171563
0.145,10,0.8008264843390132,0.7134098013058802,0.8113351302872946,0.9974370012025476,0.8551951035610456,0.9941773884037081,0.0025629987990202063,0.3026545073059135,0.0058226115
0.145,20,0.7963928599393483,0.7098181553713921,0.8059034005401305,0.9974526207473401,0.8593098028174754,0.9941638689584765,0.002547379254227765,0.3080862370530777,0.005836131
0.145,30,0.791107060613917,0.7060144621267143,0.8014902171826153,0.9974691220095336,0.8606836051630398,0.9941225200119498,0.0025308779920341345,0.31249942041059287,0.00587748
0.145,50,0.7819845496635454,0.6986566395312979,0.7904393539129219,0.9975304764355186,0.8629603253175636,0.9940532625030444,0.0024695235660492547,0.32355028368028593,0.0059467377
0.145,75,0.7715547000971748,0.6889542571261303,0.7767835627601846,0.9975989625873594,0.8699641089376995,0.9939490599953534,0.0024010374142083043,0.33720607483302306,0.00605094
0.145,100,0.7574750536776861,0.6745981581734506,0.7570872884513116,0.9976783158326749,0.8733388101255339,0.9937535419365373,0.0023216841688925654,0.35690234914189617,0.0062464583
0.15,0,0.8015007988560593,0.7139000745672766,0.8116614948812215,0.99744446898696,0.8554937360317527,0.9941832389238667,0.0025555310146077263,0.3023281427119867,0.005816761
0.15,3,0.8009452074018101,0.7135483761946564,0.8112307191557998,0.9974458633629671,0.8556209626301624,0.9941824483130345,0.0025541366386007333,0.3027589184374082,0.0058175516
0.15,5,0.800942418561642,0.7135405919838115,0.811170534418546,0.9974475978537553,0.8556758293103578,0.994181578641119,0.002552402147812506,0.302819103174662,0.0058184215
0.15,10,0.8008186667517266,0.7133648657605426,0.8106247790219532,0.9974539331515894,0.8563281909731707,0.9941773093426248,0.00254606684997841,0.30336485857125506,0.0058226907
0.15,20,0.7962965764783196,0.7097041822782462,0.805179153255743,0.9974685130456942,0.8598602097007421,0.9941614971259798,0.0025314869558733934,0.30881048433746544,0.0058385027
0.15,30,0.7910750894437801,0.7059602927068075,0.8008283637083147,0.9974849288226267,0.8612353059965437,0.9941221247065336,0.0025150711789406932,0.31316127388489373,0.0058778753
0.15,50,0.7819268674132404,0.6985770619676642,0.7897990587451398,0.9975452926096062,0.8634559652131234,0.9940521556478792,0.0024547073919615166,0.3241905788480683,0.005947844
0.15,75,0.7715199515588319,0.6889088311938578,0.7762254711520522,0.9976130541046332,0.8703862695101624,0.9939479531401882,0.0023869458969348212,0.33776416644115553,0.006052047
0.15,100,0.7574204760405222,0.6745069481790099,0.7565088759183239,0.997692425648149,0.8738092851193402,0.9937462683168806,0.002307574353418829,0.35748076167488396,0.006253732
