case_id,slice_idx,Boundary Dice,Boundary Precision,Boundary Recall,HD95,ASSD,pred_pixels,gt_pixels
coronacases_003,42,1.0294116602076229e-07,1.0,1.470588233131488e-09,,,0,77
coronacases_003,43,1.0285713242040921e-07,1.0,1.4285714265306123e-09,,,0,75
coronacases_003,44,1.0298506417019486e-07,1.0,1.4925373112051683e-09,,,0,101
coronacases_003,45,1.0224718066910847e-07,1.0,1.1235955043555108e-09,,,0,76
coronacases_003,46,0.21782185342612825,1.0,0.12222222319753086,113.7171156031858,59.57030212839594,7,128
coronacases_003,47,0.3333333899470852,1.0,0.20000000076190477,111.19350642210469,55.08304961938614,31,143
coronacases_003,48,0.3184713957483013,1.0,0.18939394000803492,109.05960286617517,44.11580702606436,36,182
coronacases_003,49,0.7903225934963571,1.0,0.6533333335644445,8.6536172634861,1.8737134300395701,141,259
coronacases_003,50,0.7851851986602729,0.938053097399953,0.6751592358756947,10.723399819563308,2.7358003758987617,233,319
coronacases_003,51,0.8650137819602268,0.9127906977251217,0.8219895288890107,3.0,1.095584688430647,355,401
coronacases_003,52,0.8769575014392822,0.9468599034073141,0.8166666667430555,4.879780736953234,1.395797605562556,543,677
coronacases_003,53,0.8728813632570305,0.9074889868248948,0.8408163265955851,3.0,1.4402418014714071,717,771
coronacases_003,54,0.8990099066228503,0.9618644067958202,0.8438661710617597,5.89561778797634,1.3320752505297158,891,930
coronacases_003,55,0.90359168779036,0.9122137404915214,0.8951310861815988,2.8284271247461903,0.8266263280222726,1032,957
coronacases_003,56,0.8892674678786285,0.9812030075258635,0.813084112207762,14.755102835952869,1.9569741834668757,1133,1243
coronacases_003,57,0.913907289505573,0.9292929293167363,0.8990228013358232,2.8284271247461903,0.9835401311419371,1310,1417
coronacases_003,58,0.9240710865236091,0.916666666693376,0.9315960912274931,2.23606797749979,0.84779915212456,1515,1550
coronacases_003,59,0.9218500840071943,0.9059561128821454,0.938311688331717,2.23606797749979,0.8405740970255321,1664,1609
coronacases_003,60,0.9753846166539711,0.9694189602540003,0.9814241486125622,2.0,0.7290804163430789,1889,1759
coronacases_003,61,0.9319826375325291,0.9387755102219314,0.9252873563433083,2.23606797749979,0.9770310966593017,2008,1995
coronacases_003,62,0.8888888951395046,0.954022988518959,0.8320802005433383,7.070027472320129,2.908752182708318,2148,2172
coronacases_003,63,0.8419721964209054,0.9433427762200162,0.7602739726574717,14.490728693531421,3.2887890636496335,2296,2420
coronacases_003,64,0.8875878283226796,0.9742930591325725,0.8150537634806336,5.830951894845301,3.407541965928649,2514,2655
coronacases_003,65,0.850710909242246,0.9134860051110723,0.7960088692248317,6.4031242374328485,3.4590905651178145,2715,2922
coronacases_003,66,0.8004722675277933,0.8033175355916309,0.7976470588711418,8.341839300436614,3.2414292419151662,3034,3082
coronacases_003,67,0.7727797148452886,0.7427937916313095,0.8052884615852672,4.47213595499958,1.432104668848042,3297,3364
coronacases_003,68,0.8453837689096245,0.8315098468640022,0.859728506819066,3.605551275463989,1.2799770761197737,3423,3387
coronacases_003,69,0.7918455067330387,0.7639751553283696,0.8218262806632903,6.708203932499369,2.0815306483373255,3490,3739
coronacases_003,70,0.8475247614938538,0.8716904277247066,0.8246628131359032,5.0,1.483976848751253,3781,3885
coronacases_003,71,0.8810656585199472,0.920477137192748,0.8448905109772099,3.605551275463989,1.229888425202069,4008,3790
coronacases_003,72,0.8930936673109738,0.8922495274305767,0.8939393939594813,2.8284271247461903,1.0897974806978783,4024,3822
coronacases_003,73,0.7923904183403424,0.8630630630877365,0.7324159021815878,4.7888543819997835,1.524137997493175,4134,3941
coronacases_003,74,0.8197767254371859,0.9049295774815265,0.7492711370627885,8.636519931338249,2.1704246953130206,4126,4201
coronacases_003,75,0.8015503999682126,0.8489326765436892,0.7591776799178888,4.0738633753705855,1.3410965547210496,4182,4445
coronacases_003,76,0.7267267452027928,0.8446771378979622,0.6376811594680263,9.891899366389326,2.4693578597625123,4204,4611
coronacases_003,77,0.6944024423111637,0.7886597938507458,0.6202702703215851,10.331799232967889,2.5430393476141697,4174,4925
coronacases_003,78,0.6292490406470751,0.7467166979837305,0.5437158470568695,15.556349186104045,3.3972195632003066,4072,5089
coronacases_003,79,0.6262295377079381,0.7074074074615913,0.5617647059467994,13.322792301510265,3.2714486786955104,4074,5129
coronacases_003,80,0.639934561284993,0.733583489731035,0.5674891147216997,18.384776310850235,3.8892723339234387,4155,5139
coronacases_003,81,0.7363494718799597,0.7737704918403656,0.702380952425241,9.460104128183877,2.101822245176671,4266,5514
coronacases_003,82,0.6926605726201288,0.7341977309993197,0.6555716353609883,10.02992537267253,2.328502577302311,4362,5022
coronacases_003,83,0.7726550223400777,0.9152542373040954,0.6685006878035076,13.45362404707371,2.432315486729539,4085,4592
coronacases_003,84,0.7666666818478923,0.8263473054238828,0.7150259067849697,15.811388300841896,2.6233998494834814,3957,4113
coronacases_003,85,0.7254902150197713,0.7537037037493142,0.6993127148282968,11.224622760197445,2.4538773089703816,4142,4313
coronacases_003,86,0.7730627453467802,0.7759259259674213,0.770220588277533,6.008276253029814,1.996835255469855,4055,3871
coronacases_003,87,0.7022472120659637,0.7780082988012431,0.6399317406757796,5.0990195135927845,1.9475358234507407,3831,3591
coronacases_003,88,0.6758080550865382,0.7615894040261392,0.6073943662663038,9.219544457292887,2.403437981140118,3930,3598
coronacases_003,89,0.7067669377541084,0.8103448276270808,0.6266666667288889,60.31347000948942,5.837946621219388,3872,3788
coronacases_003,90,0.6840633965955105,0.7677824268268237,0.6168067227534779,26.090890965869484,4.028894762501743,3992,3483
coronacases_003,91,0.674723085591175,0.6878850103310298,0.662055336035167,8.294920742565541,2.1956988683403282,4158,3629
coronacases_003,92,0.7965116406797871,0.843942505165515,0.7541284404120866,6.324555320336759,1.586478745792692,4097,3824
coronacases_003,93,0.8493150773307908,0.9273504273659507,0.7833935018441529,4.254115450513289,1.3370617660366928,3992,3918
coronacases_003,94,0.811301726955181,0.9157175398825245,0.7282608696144456,7.810249675906654,1.91819241339835,3927,3962
coronacases_003,95,0.6860707086820795,0.7801418440236071,0.6122448980311235,19.026297590440446,3.4217208042015117,3862,4202
coronacases_003,96,0.6477644763004299,0.7173913044160891,0.5904572565426527,14.142135623730951,2.8736461583434614,3826,4032
coronacases_003,97,0.7563195307275332,0.8183807440222362,0.7030075188528182,8.602325267042627,2.0032296815627824,3965,4413
coronacases_003,98,0.7254707820586547,0.7640918580868284,0.6905660377942329,8.974922359499619,2.521760619520393,3981,4075
coronacases_003,99,0.7731755570326215,0.837606837641537,0.7179487180003757,9.219544457292887,2.568958312632503,3934,4230
coronacases_003,100,0.8208802565424219,0.8832599119199868,0.766730401574239,9.899494936611665,2.4646580280699304,3864,4135
coronacases_003,101,0.8377777874916517,0.8548752834796202,0.8213507625661546,6.4031242374328485,1.4218953209384448,3674,3998
coronacases_003,102,0.8219832844616215,0.8410757946598837,0.8037383178028649,5.949285568453579,1.3372955871865622,3626,3880
coronacases_003,103,0.759708753725823,0.7399527187375998,0.7805486284836537,8.06225774829855,1.8167623983208012,3548,3778
coronacases_003,104,0.8339222714758615,0.8156682028074498,0.8530120482281899,5.0,1.3302305968387167,3467,3582
coronacases_003,105,0.8488372182385067,0.833333333371385,0.864928909984614,4.0,1.3007336668557887,3438,3439
coronacases_003,106,0.8902291979880547,0.8785714286003401,0.9022004890214669,3.605551275463989,1.1832018450609532,3496,3614
coronacases_003,107,0.8906605983997934,0.9421686747127305,0.8444924406383386,2.8284271247461903,0.9502129430676997,3421,3545
coronacases_003,108,0.9237288176985659,0.9582417582509358,0.8916155419444549,3.0,0.8915264688496964,3533,3580
coronacases_003,109,0.9239013974848649,0.9556541020053982,0.8941908713912468,2.8284271247461903,1.164645731257889,3656,3721
coronacases_003,110,0.8723897984912969,0.9376558603646743,0.8156182212981306,7.674116076876723,1.89156013436864,3671,3768
coronacases_003,111,0.8987194468689982,0.8976744186284478,0.8997668997902641,2.8284271247461903,0.8822355005489142,3763,3771
coronacases_003,112,0.8964732708694549,0.9141531322704981,0.8794642857411911,3.0892527130926015,0.987689738760714,3808,3726
coronacases_003,113,0.8615049153718518,0.8777777778049383,0.8458244111679177,4.0,1.0780522820540956,3838,3580
coronacases_003,114,0.8279569996506639,0.8690744921288771,0.7905544148274015,5.0,1.6716048271689974,3734,3519
coronacases_003,115,0.8708571502953062,0.896470588259654,0.8466666667007408,4.123105625617661,1.3493963682049652,3589,3339
coronacases_003,116,0.8134490353467217,0.8503401360883582,0.7796257796715955,5.588931888902911,1.422585090932039,3503,3523
coronacases_003,117,0.9203142579864474,0.9624413145628072,0.8817204301329633,3.0,1.01940184049428,3547,3401
coronacases_003,118,0.8706140425352451,0.9063926940852984,0.8375527426503053,3.605551275463989,1.1168411236392857,3585,3515
coronacases_003,119,0.8012959087534159,0.8318385650601259,0.7729166667139757,4.3114892674833625,1.3858879006326077,3613,3493
coronacases_003,120,0.8552486272078712,0.9416058394302662,0.7834008097604452,7.280109889280518,1.4187490542154317,3411,3496
coronacases_003,121,0.7949599209875999,0.9429347826242025,0.6871287129332418,16.0,2.413198030346269,3302,3498
coronacases_003,122,0.8455467959473381,0.9664948453694601,0.7515030060618231,10.870551034457119,1.8072490675479052,3248,3238
coronacases_003,123,0.8981042710916576,0.9334975369621927,0.8652968036837222,2.8284271247461903,0.8827785259903816,3126,3083
coronacases_003,124,0.9561403531796833,0.9732142857202647,0.9396551724267984,2.0,0.5884874854466868,3123,3126
coronacases_003,125,0.8891428633870736,0.9350961538617557,0.8474945534101319,3.605551275463989,1.2677484314891083,3026,2961
coronacases_003,126,0.8449074166164722,0.864928909984614,0.8257918552430336,3.1622776601683795,1.474813900950483,3084,2928
coronacases_003,127,0.9127182092919646,0.9127182045105441,0.9127182045105441,2.8284271247461903,0.8093516727989895,2915,2680
coronacases_003,128,0.8911917159681805,0.9272237196961661,0.8578553616314575,2.914213562373095,1.5703582705541839,2726,2638
coronacases_003,129,0.8551724222994925,0.8659217877469493,0.8446866485436821,3.0,0.9229736166746232,2616,2493
coronacases_003,130,0.9008782991258063,0.9158163265520877,0.8864197531144643,3.0,1.0635249395320279,2634,2379
coronacases_003,131,0.8822055204899519,0.8866498740839673,0.8778054863147617,3.0,1.0053276793769084,2604,2277
coronacases_003,132,0.9008042950757926,0.913043478284499,0.8888888889182833,2.8284271247461903,0.8915373503032054,2385,2300
coronacases_003,133,0.8526011647375479,0.8939393939715335,0.8149171271229511,7.0710678118654755,1.5702690170010662,2169,2012
coronacases_003,134,0.8526912268065188,0.8361111111566358,0.8699421965693809,22.27488625989056,2.6315930006428423,2044,1990
coronacases_003,135,0.8559322118452942,0.8463687151267126,0.8657142857526531,32.424790720366495,3.5395437132270877,2059,1936
coronacases_003,136,0.908587262669678,0.8840970350716719,0.9344729344916032,2.8284271247461903,1.72779685390677,1947,1760
coronacases_003,137,0.9189944178376055,0.9241573033920907,0.9138888889128086,2.23606797749979,1.0669392290521218,1823,1693
coronacases_003,138,0.9550072592623305,0.967647058833045,0.9426934097585405,2.0,0.6893733866652161,1775,1707
coronacases_003,139,0.9002849058476425,0.9239766082093636,0.8777777778117284,3.0,0.9111598049546791,1786,1844
coronacases_003,140,0.8952654291198445,0.9122807017800348,0.8788732394707399,2.8284271247461903,0.8906329373017304,1730,1723
coronacases_003,141,0.8786127237050599,0.8888888889213775,0.8685714286089796,3.0,1.07059137879825,1666,1612
coronacases_003,142,0.8613861466949808,0.8312101911365573,0.8938356164747139,4.0,1.4199044167564325,1637,1602
coronacases_003,143,0.9376114115483635,0.9494584837727587,0.9260563380542055,2.23606797749979,0.8106688417174415,1577,1530
coronacases_003,144,0.9230769272690269,0.9000000000357142,0.9473684210724178,2.23606797749979,0.9713572819506306,1579,1537
coronacases_003,145,0.9405405437220556,0.9255319149200242,0.9560439560600572,2.23606797749979,0.782469850615152,1611,1538
coronacases_003,146,0.9508196747351935,0.9456521739327347,0.9560439560600572,2.0,0.7098945301337067,1627,1582
coronacases_003,147,0.9542961632888524,0.9525547445428633,0.9560439560600572,2.0,0.8470872845385826,1600,1493
coronacases_003,148,0.9440298537314146,0.9370370370603566,0.9511278195672451,2.23606797749979,0.7779369498783293,1555,1465
coronacases_003,149,0.8425047532379847,0.8538461539023667,0.8314606742204266,3.1622776601683795,1.07047200155904,1474,1409
coronacases_003,150,0.8620689735682089,0.875486381371406,0.8490566038305446,3.0973665961010224,0.918830460459542,1382,1323
coronacases_003,151,0.8796296364944652,0.8225108225876576,0.945273631868023,22.231989502336916,2.2805485971927464,1192,1055
coronacases_003,152,0.9129411812719693,0.9509803921808919,0.877828054353924,6.05265491584942,1.0771577434632862,1117,1070
coronacases_003,153,0.8793456101691434,0.9188034188381182,0.8431372549634756,5.054460732476027,1.3631010216251436,1107,1172
coronacases_003,154,0.8929219661016891,0.921348314636199,0.8661971831457052,4.431980515339464,1.6736011548292078,1164,1080
coronacases_003,155,0.8795811586421514,0.9843750000061035,0.7949526814526963,7.431158336743021,1.623442233852178,1167,1070
coronacases_003,156,0.8455284644160521,0.9154929577762349,0.7854984894907859,3.0,1.439063798138484,1043,937
coronacases_003,157,0.8174603286978017,0.8174603175327538,0.8174603175327538,5.923928352680377,1.6537344859505008,800,626
coronacases_003,158,0.8251121182305208,0.8975609756597264,0.763485477276562,5.0,1.1320522810986358,670,629
coronacases_003,159,0.807980061841309,0.8350515464767776,0.7826086957571938,11.426237921249227,3.442079034501418,580,457
coronacases_003,160,0.8328767224441233,0.8587570622266909,0.8085106383997284,3.1622776601683795,2.7526183727114106,510,386
coronacases_003,161,0.8081395467630512,0.8910256410954964,0.7393617022662969,16.147719700333333,2.4933693343263097,520,511
coronacases_003,162,0.8710601793944303,0.8786127168331719,0.863636363713843,13.544402968045084,2.438807694501758,566,486
coronacases_003,163,0.891803284824019,0.9066666667288888,0.877419354917794,2.59148346584761,1.0241089155755358,548,448
coronacases_003,164,0.903010038836271,0.992647058828936,0.8282208590010914,3.0,0.9775626249929659,507,459
coronacases_003,165,0.7804878190919815,0.7724137932604043,0.7887323945149772,15.578801744102284,2.987584607248761,532,430
coronacases_003,166,0.7416666841235163,0.6742424244892102,0.8240740742369684,20.518284528683193,3.6398361418799134,516,389
coronacases_003,167,0.7462686738472798,0.8152173915051985,0.688073394781584,8.012759185406217,2.319876014120499,429,349
coronacases_003,168,0.7684210675681697,0.912500000109375,0.6636363639421488,7.259226804203012,1.7924204258872685,410,350
coronacases_003,169,0.936708864209326,0.9866666666844445,0.891566265190884,2.5416407864998782,1.0956050779468915,351,267
coronacases_003,170,0.9659863963626266,1.0,0.9342105264023546,1.7949747468305866,0.7489075799708037,320,307
coronacases_003,171,0.9852941184147923,0.9710144927956311,1.0,1.5020815280171342,0.6868539453187271,301,273
coronacases_003,172,0.9705882368525217,0.9705882353373703,0.9705882353373703,2.0,0.8649438361805901,270,240
coronacases_003,173,0.8039215807381769,0.6721311480784735,1.0,8.433940634905895,1.9253610981550033,158,109
coronacases_003,174,1.0,1.0,1.0,1.4142135623730951,0.7284038798456005,91,85
coronacases_003,175,0.8666666745603033,0.9750000000625,0.78000000044,5.0,1.1708662848011726,61,79
coronacases_003,176,0.9253731385824846,0.9117647061418686,0.9393939395775941,2.23606797749979,0.8933739899188412,42,45
coronacases_003,177,0.5000000397727241,1.0,0.3333333353535353,11.180339887498949,4.089563986906714,9,50
coronacases_003,178,1.1428570193877682e-07,1.0,7.142857091836735e-09,,,0,15
coronacases_003,179,1.0,1.0,1.0,0.0,0.0,0,0
coronacases_003,180,1.0,1.0,1.0,0.0,0.0,0,0
coronacases_003,181,1.0,1.0,1.0,0.0,0.0,0,0
coronacases_003,182,1.0,1.0,1.0,0.0,0.0,0,0
coronacases_003,183,1.0,1.0,1.0,0.0,0.0,0,0
coronacases_003,184,1.0,1.0,1.0,0.0,0.0,0,0
coronacases_003,185,1.0,1.0,1.0,0.0,0.0,0,0
coronacases_003,186,1.0,1.0,1.0,0.0,0.0,0,0
coronacases_003,187,1.0,1.0,1.0,0.0,0.0,0,0
coronacases_003,188,1.0,1.0,1.0,0.0,0.0,0,0
coronacases_003,189,1.0,1.0,1.0,0.0,0.0,0,0
radiopaedia_36,0,0.1940300492314049,0.25000000144230766,0.15853658639202856,79.45784088464544,23.079600432282025,228,176
radiopaedia_36,1,0.4533333936703203,0.5074626873022946,0.4096385549281464,12.664072672803066,3.348870121247135,230,195
radiopaedia_36,2,0.5200000437492268,0.6933333337422223,0.41600000046720004,72.17340230306452,11.009143001737504,249,218
radiopaedia_36,3,0.5376344508017072,0.6756756765522279,0.44642857241709183,72.46929998465887,30.30683372913019,59,100
radiopaedia_36,4,0.2656251385390073,0.28813559442688885,0.24637681268641046,47.02126697267815,15.57729297881373,94,160
radiopaedia_36,5,0.38613868441102256,0.5909090915289257,0.2867647064067907,31.2825681415174,9.055842722073006,185,250
radiopaedia_36,6,0.6837607074110582,0.6666666672222222,0.7017543864881503,5.327935748426159,1.7570297653918634,168,113
radiopaedia_36,7,0.5079365565570625,0.5714285721938775,0.4571428579183674,53.45590728493525,11.622986644796011,128,107
radiopaedia_36,8,0.5414847567964207,0.6966292138240122,0.44285714325510206,51.26019395758125,9.369541813353472,248,252
radiopaedia_36,9,0.5673759229929611,0.7339449543725276,0.46242774597547526,11.379742812989726,3.676920498206875,339,348
radiopaedia_36,10,0.6516854202400988,0.6444444447078189,0.6590909093491736,5.385164807134504,1.99770395498881,468,285
radiopaedia_36,11,0.4100000702099917,0.3474576276716461,0.5000000006097561,24.082869463381474,6.616243064039231,399,179
radiopaedia_36,12,0.5843621743771137,0.7319587631629291,0.486301370214862,90.95019799336711,9.516652770394943,306,373
radiopaedia_36,13,0.8029739900042066,0.885245901733405,0.7346938777315007,4.123105625617661,1.36099448312082,331,342
radiopaedia_36,14,0.6095552216098412,0.6045751635279165,0.6146179403273694,6.8896358721824225,2.740524344322764,1261,655
radiopaedia_36,15,0.4860088895130747,0.4727793697785732,0.5000000001515151,8.590660962697605,2.9900661300323734,1629,951
radiopaedia_36,16,0.45414853169646074,0.48000000015999994,0.43093922667653606,7.269758788527638,3.3025550197733295,1841,957
radiopaedia_36,17,0.47769789654457184,0.4756446992906462,0.47976878627752345,6.324555320336759,2.6278492893587084,1875,932
radiopaedia_36,18,0.5497287922681966,0.47204968960495347,0.6580086581567062,11.959016994374892,3.016114037882929,1359,711
radiopaedia_36,19,0.5123595977916883,0.4615384617564621,0.5757575759718396,5.0,2.251276055883635,1003,512
radiopaedia_36,20,0.7248677439653652,0.7527472528831058,0.6989795919903166,5.0,1.9907902701388913,675,457
radiopaedia_36,21,0.42651303569861204,0.44848484881910006,0.40659340691945417,53.07305892613711,8.501688306608543,520,430
radiopaedia_36,22,0.5802469499213568,0.6103896106426041,0.552941176733564,17.946424919657286,3.631260919984275,509,350
radiopaedia_36,23,0.48091608409377307,0.42857142896015554,0.5478260873497165,44.0198793997707,5.903877692538299,517,238
radiopaedia_36,24,0.52582164169815,0.549019608285275,0.5045045049508968,50.98136736263858,5.961554830660067,434,242
radiopaedia_36,25,0.6725663962198727,0.6333333336388889,0.7169811323424706,3.605551275463989,1.5478212342321664,458,278
radiopaedia_36,26,0.5345622552710492,0.47540983649556573,0.6105263161994461,58.91117916803301,6.526761010672746,493,258
radiopaedia_36,27,0.6565656828502565,0.6018518522205075,0.7222222225308642,4.277064977301324,1.9638128672873938,371,201
radiopaedia_36,28,0.7358490750253294,0.7647058828143022,0.7090909096198347,3.073024947075769,1.507945897543853,153,110
radiopaedia_36,29,0.5911950034110188,0.5465116284342889,0.6438356169262527,4.498529157249592,1.9577459280640697,316,178
radiopaedia_36,30,0.10191126677328124,0.09411764812456747,0.11111111234567901,5.439502695606076,3.4616516327067286,460,160
radiopaedia_36,31,0.5000000506391475,0.4868421059383657,0.5138888895640432,5.0,2.3408294917925065,357,149
radiopaedia_36,32,0.7422680585963782,0.90000000025,0.6315789480147738,3.605551275463989,1.4701221762757302,89,152
radiopaedia_36,33,1.0,1.0,1.0,0.0,0.0,0,0
radiopaedia_36,34,1.0,1.0,1.0,0.0,0.0,0,0
radiopaedia_36,35,1.0,1.0,1.0,0.0,0.0,0,0
radiopaedia_36,36,1.0,1.0,1.0,0.0,0.0,0,0
radiopaedia_36,37,1.0,1.0,1.0,0.0,0.0,0,0
radiopaedia_36,38,1.0,1.0,1.0,0.0,0.0,0,0
radiopaedia_36,39,1.0,1.0,1.0,0.0,0.0,0,0
radiopaedia_36,40,1.0,1.0,1.0,0.0,0.0,0,0
radiopaedia_36,41,1.1538460284023802e-07,1.0,7.692307633136095e-09,,,0,10
radiopaedia_36,42,1.0,1.0,1.0,0.0,0.0,0,0
radiopaedia_36,43,1.0,1.0,1.0,0.0,0.0,0,0
radiopaedia_36,44,1.0,1.0,1.0,0.0,0.0,0,0
