case_id,slice_idx,dice,iou,sensitivity,specificity,precision,accuracy,fpr,fnr,mae
coronacases_003,42,1.2987012970146736e-09,1.2987012970146736e-09,1.2987012970146736e-09,1.0,1.0,0.9988250732421893,1.5276738110855226e-12,1.0,0.0011749268
coronacases_003,43,1.3333333315555557e-09,1.3333333315555557e-09,1.3333333315555557e-09,1.0,1.0,0.9988555908203143,1.5276271367661238e-12,1.0,0.0011444092
coronacases_003,44,9.90099008920694e-10,9.90099008920694e-10,9.90099008920694e-10,1.0,1.0,0.9984588623046898,1.5282341254656861e-12,1.0,0.0015411377
coronacases_003,45,1.3157894719529087e-09,1.3157894719529087e-09,1.3157894719529087e-09,1.0,1.0,0.9988403320312518,1.527650473569313e-12,1.0,0.001159668
coronacases_003,46,0.10370370436762688,0.054687500738525394,0.054687500738525394,1.0,1.0,0.9981536865234403,1.528864970643455e-12,0.9453125000427246,0.0018463135
coronacases_003,47,0.2298850579138592,0.12987013043514928,0.13986014046163628,0.9998317862768189,0.6451612914672217,0.9979553222656281,0.00016821372471033868,0.8601398602376644,0.0020446777
coronacases_003,48,0.28440367005302586,0.16577540151562814,0.17032967078553315,0.9999234935887629,0.8611111114969136,0.9976196289062537,7.650641276727285e-05,0.8296703297639174,0.002380371
coronacases_003,49,0.6500000000875,0.48148148167352534,0.5019305021228067,0.9998314873538922,0.9219858156581661,0.9978637695312532,0.00016851264763979883,0.49806949826329355,0.0021362305
coronacases_003,50,0.6630434783219125,0.4959349594861964,0.5736677117323925,0.999233328733307,0.7854077254139881,0.9971618652343793,0.0007666712682264338,0.426332288581087,0.0028381348
coronacases_003,51,0.6931216931622854,0.5303643725647036,0.6533665836275894,0.9985721962078782,0.7380281690878794,0.9964599609375054,0.0014278037936571307,0.34663341662178715,0.003540039
coronacases_003,52,0.8163934426380005,0.6897506925637465,0.7355982275132057,0.9993061872677665,0.9171270718384665,0.9965820312500052,0.0006938127337752759,0.26440177263450493,0.0034179688
coronacases_003,53,0.8198924731303836,0.6947608200803234,0.7911802853707938,0.998347873079598,0.850767085097522,0.9959106445312562,0.0016521269219460322,0.20881971475890795,0.0040893555
coronacases_003,54,0.8610653487171298,0.7560270009878469,0.8430107527050525,0.9983438070767446,0.8799102132570247,0.9961395263671934,0.0016561929248031819,0.15698924740247427,0.0038604736
coronacases_003,55,0.886877828059986,0.7967479674980353,0.9216300940520763,0.9976772635067163,0.8546511628047818,0.9965667724609427,0.002322736494832186,0.07836990605241693,0.0034332275
coronacases_003,56,0.8796296296346957,0.7851239669582927,0.8407079646145851,0.9986312662342733,0.9223300970942339,0.9956359863281317,0.0013687337672820233,0.15929203546586546,0.0043640137
coronacases_003,57,0.8837550421751464,0.7917214191989671,0.8503881439766839,0.9983624198755464,0.9198473282503934,0.9951629638671948,0.0016375801260131355,0.14961185609388764,0.004837036
coronacases_003,58,0.9109298531839827,0.8364289994106394,0.9006451612967326,0.9981402181727282,0.9214521452197061,0.9958343505859438,0.0018597818288346515,0.09935483876778355,0.0041656494
coronacases_003,59,0.9135349831984866,0.8408323959594582,0.9291485394699099,0.9973563595976702,0.8984375000061036,0.995681762695319,0.002643640403894061,0.07085146059224043,0.0043182373
coronacases_003,60,0.9320175438615127,0.8726899384048927,0.9664582148967334,0.9970365492262148,0.8999470619428297,0.9962158203125058,0.002963450775353241,0.03354178516011701,0.0037841797
coronacases_003,61,0.9238071446434223,0.8584029712229154,0.9268170426101846,0.9974976786641735,0.9208167330716724,0.9953460693359446,0.0025023213374002575,0.0731829574399407,0.0046539307
coronacases_003,62,0.915277777779739,0.8437900128107645,0.9102209944792717,0.9973013067356902,0.9203910614562203,0.9944152832031335,0.002698693265888046,0.08977900556676893,0.005584717
coronacases_003,63,0.9054283290944566,0.8271987601771716,0.8822314049635441,0.997449141263709,0.9298780487835419,0.9931945800781354,0.0025508587378754184,0.11776859507777818,0.00680542
coronacases_003,64,0.9065583284986156,0.8290870488383196,0.8824858757106409,0.997280577598961,0.9319809069239466,0.9926300048828237,0.002719422402629221,0.11751412432702396,0.007369995
coronacases_003,65,0.9058009579580308,0.8278210116787347,0.8737166324478536,0.997412719200183,0.9403314917149049,0.9918975830078248,0.002587280801414081,0.12628336758636952,0.008102417
coronacases_003,66,0.9002616088963332,0.8186143324466663,0.8932511356296804,0.9955006885067481,0.907382992751899,0.9906921386718892,0.004499311494853013,0.10674886440276611,0.009307861
coronacases_003,67,0.9043687134078311,0.8254316251075519,0.8953626634989488,0.9954159428681796,0.9135577798024399,0.9902801513672024,0.004584057133428901,0.10463733653077774,0.009719849
coronacases_003,68,0.911894273129047,0.8380566801663143,0.9167404783018381,0.9948832644129513,0.9070990359361057,0.990844726562514,0.005116735588657715,0.08325952172768647,0.009155273
coronacases_003,69,0.8936229077342146,0.807701925486179,0.8638673442133226,0.9957926760198783,0.9255014326668911,0.9882659912109554,0.004207323981739878,0.13613265581342252,0.011734009
coronacases_003,70,0.9120793112456029,0.838369304560231,0.8998712998738772,0.9953772039383053,0.924623115579883,0.9897155761718907,0.004622796063316698,0.10012870015186284,0.010284424
coronacases_003,71,0.9163888176466224,0.8456804733764336,0.942744063326049,0.9929550092313786,0.8914670658709714,0.9900512695312652,0.0070449907702409146,0.057255936700336255,0.0099487305
coronacases_003,72,0.9184297731338462,0.8491633278376346,0.9427001569873705,0.9931782091583868,0.8953777336010095,0.9902343750000149,0.006821790843233591,0.05729984303879383,0.009765625
coronacases_003,73,0.8951083591344259,0.8101322573456594,0.9170261355007098,0.9915577563114026,0.8742138364810301,0.9870758056640823,0.00844224369022089,0.08297386452466446,0.012924194
coronacases_003,74,0.900924702775298,0.8197115384654783,0.892882646991362,0.9938860357055614,0.9091129423192168,0.9874114990234567,0.006113964296068943,0.10711735303244187,0.012588501
coronacases_003,75,0.8937058073502525,0.8078373847483689,0.8672665916790266,0.9946473293938638,0.9218077474911093,0.9860076904297088,0.005352670607773072,0.13273340834347055,0.01399231
coronacases_003,76,0.8726035167342869,0.7739987925181324,0.834092387771978,0.9941239228559801,0.9148430066623491,0.9828643798828387,0.005876077145661262,0.16590761224970924,0.01713562
coronacases_003,77,0.866908451479647,0.7650824442334611,0.8008121827451612,0.996205309267301,0.9448969813142095,0.9815216064453407,0.0037946907343488893,0.1991878172751434,0.018478394
coronacases_003,78,0.8475057308170777,0.7353665466994627,0.7628217724550438,0.9968567505418021,0.9533398821229533,0.97868347167972,0.0031432494598521957,0.23717822756460646,0.021316528
coronacases_003,79,0.8334238835180546,0.7144187779486881,0.7477091050936302,0.9960435048918237,0.94133529700684,0.9766082763672231,0.003956495109831714,0.2522908949258668,0.023391724
coronacases_003,80,0.8409726705418444,0.7255848496151952,0.7604592333185355,0.9959103929003164,0.9405535499412623,0.9774475097656594,0.004089607101339322,0.23954076670092353,0.02255249
coronacases_003,81,0.8445807770977037,0.7309734513321952,0.7490025389962096,0.9977341641398192,0.9681200187536775,0.9768066406250354,0.00226583586184688,0.25099746102192605,0.02319336
coronacases_003,82,0.8618925831216763,0.7573033707910617,0.8052568697768766,0.9947450176818674,0.92709766162478,0.9802246093750302,0.005254982319785083,0.19474313024303577,0.01977539
coronacases_003,83,0.8892474357509593,0.8005810334135592,0.840156794428568,0.9962752690995073,0.9444308445546039,0.9853363037109599,0.0037247309021335574,0.159843205593209,0.014663696
coronacases_003,84,0.8964064436196232,0.8122613968153546,0.8794067590595817,0.9944646142324627,0.9140763204469529,0.9872436523437694,0.005535385769165402,0.12059324096473151,0.012756348
coronacases_003,85,0.8835008870504611,0.7913135593264552,0.8659865522869004,0.993352171569519,0.9017382906832029,0.9849700927734605,0.006647828432114323,0.13401344773628535,0.015029907
coronacases_003,86,0.8879636638924052,0.7985023825777512,0.9090674244404787,0.9913078731857758,0.8678175092511019,0.9864501953125207,0.008692126815845792,0.09093257558535438,0.013549805
coronacases_003,87,0.853947722987686,0.745121091000585,0.8824839877504181,0.989313100330956,0.8271991647134639,0.9834594726562752,0.010686899670658346,0.11751601227742925,0.016540527
coronacases_003,88,0.8716790648263592,0.7725453261179057,0.911895497501059,0.9895217798443774,0.8348600508947873,0.9852600097656475,0.01047822015723711,0.08810450252673419,0.01473999
coronacases_003,89,0.8686684073124195,0.7678282944895493,0.8782998944065918,0.9911738032001179,0.8592458677722302,0.9846496582031484,0.008826196801501544,0.12170010561980729,0.015350342
coronacases_003,90,0.8602006688981912,0.7546948356865095,0.9230548377857292,0.9874784458447013,0.8053607214477615,0.9840545654297118,0.012521554156910187,0.07694516224298177,0.015945435
coronacases_003,91,0.8706819057419971,0.7709802137873327,0.9341416368163642,0.9875942946678282,0.8152958153002574,0.9846343994140859,0.012405705333787122,0.06585836321119155,0.015365601
coronacases_003,92,0.9125110465861317,0.8390991409371,0.9450836820098043,0.9921733212341325,0.8821088601444445,0.9894256591797036,0.007826678767487966,0.05491631801634633,0.010574341
coronacases_003,93,0.9249051833132124,0.8603010348104351,0.9336396120486564,0.9945795059885186,0.9163326653327571,0.9909362792968889,0.005420494013104254,0.06636038797686676,0.009063721
coronacases_003,94,0.917987070605679,0.8484067478948358,0.9139323573974273,0.9950303699613554,0.9220779220799064,0.9901275634765776,0.0049696300402686695,0.08606764262781254,0.0098724365
coronacases_003,95,0.8871527777791772,0.7971918876800269,0.851261304144425,0.9953533113770578,0.9262040393597565,0.9861145019531462,0.004646688624572592,0.1487386958793732,0.013885498
coronacases_003,96,0.8788495800473549,0.7838819523318075,0.856398809527371,0.9939353537981368,0.9025091479377284,0.9854736328125222,0.006064646203489099,0.14360119049743053,0.014526367
coronacases_003,97,0.8990212461219977,0.8165654813569695,0.8533877181089193,0.9967442697511628,0.9498108448940779,0.9870910644531447,0.0032557302504732165,0.14661228191374093,0.012908936
coronacases_003,98,0.8922542204581398,0.8054683998250679,0.8819631901869457,0.9937033240591697,0.9027882441622007,0.9867553710937702,0.006296675942457336,0.1180368098375942,0.013244629
coronacases_003,99,0.9066634002951168,0.8292628276982016,0.8749408983481102,0.9961993932078488,0.9407727503827968,0.9883728027343928,0.0038006067937823365,0.12505910167553053,0.011627197
coronacases_003,100,0.9188648581082777,0.8499074930654508,0.8887545344646008,0.996921874236581,0.951086956523005,0.9900970458984526,0.0030781257650476733,0.11124546555958295,0.009902954
coronacases_003,101,0.9176225234630132,0.8477842003890226,0.8804402201130455,0.9974974812311133,0.9580838323364702,0.9903564453125148,0.002502518770511712,0.11955977991196699,0.009643555
coronacases_003,102,0.9155342392763718,0.8442260442298716,0.8855670103122276,0.9969183858829685,0.9476006618878212,0.9903259277343898,0.0030816141186533644,0.11443298971354555,0.009674072
coronacases_003,103,0.9028119028132294,0.8228415028658164,0.8753308628937181,0.9960976715567277,0.9320744081191636,0.9891357421875165,0.0039023284448915082,0.12466913713275096,0.010864258
coronacases_003,104,0.9107674847508758,0.8361552487669666,0.8961474036879914,0.9958517609839626,0.9258725122605748,0.9904022216797022,0.0041482390176515675,0.10385259633992595,0.009597778
coronacases_003,105,0.9172604333296894,0.8471662637698854,0.9171270718256143,0.995426510137373,0.9173938336266029,0.9913177490234507,0.004573489864237285,0.08287292820346401,0.008682251
coronacases_003,106,0.9353023909995035,0.878467635406117,0.9200332042080788,0.9972384612900145,0.9510869565231382,0.9929809570312607,0.0027615387116004626,0.07996679581959142,0.007019043
coronacases_003,107,0.9440137812238872,0.8939641109327362,0.9275035260951339,0.997854527270091,0.9611224788085027,0.9940490722656341,0.0021454727315220828,0.07249647393307486,0.0059509277
coronacases_003,108,0.9444678757212924,0.8947789025067986,0.9382681564263053,0.9971915552973123,0.9507500707627866,0.9939727783203217,0.0028084447043017487,0.0617318436016276,0.0060272217
coronacases_003,109,0.9366951335239705,0.880928097912266,0.9285138403674142,0.9967483620480518,0.9450218818395781,0.9928741455078234,0.0032516379535658794,0.0714861596594602,0.0071258545
coronacases_003,110,0.9399112783984418,0.886634542229606,0.9278131634838691,0.9971668177697235,0.9523290656509853,0.9931793212890729,0.002833182231895426,0.0721868365426702,0.0068206787
coronacases_003,111,0.9461109636322523,0.8977329974836843,0.9451073985694748,0.996778110580431,0.9471166622389817,0.9938049316406344,0.003221889421188016,0.05489260145704342,0.0061950684
coronacases_003,112,0.9410671621988178,0.8886939082504715,0.951422436930987,0.9957450250768553,0.9309348739513935,0.9932250976562603,0.004254974924762571,0.04857756309585138,0.0067749023
coronacases_003,113,0.9263952547866487,0.8628829733836544,0.9597765363139728,0.9935115243075836,0.8952579468500453,0.9916687011718878,0.0064884756940304595,0.04022346371396024,0.008331299
coronacases_003,114,0.9130015166150145,0.839928970070017,0.9408922989502446,0.9931792895496506,0.8867166577427231,0.9903717041015772,0.006820710451961848,0.05910770107817256,0.009628296
coronacases_003,115,0.9171478060058148,0.8469741402333518,0.9514824797858197,0.9933758862967774,0.8852047924244858,0.9912414550781383,0.00662411370483042,0.048517520244129454,0.008758545
coronacases_003,116,0.9163108454324465,0.8455476753389665,0.9137099063322819,0.9954203150952293,0.91892663431576,0.9910278320312637,0.004579684906383211,0.08629009369610305,0.008972168
coronacases_003,117,0.9421416234896065,0.8906122449009357,0.9623640105862287,0.9955902470427367,0.9227516210904214,0.9938659667968843,0.004409752958872762,0.03763598944317448,0.006134033
coronacases_003,118,0.9267605633813132,0.8635170603710363,0.9359886202009676,0.9952435465406955,0.9177126917735645,0.9920654296875121,0.004756453460916857,0.0640113798274819,0.00793457
coronacases_003,119,0.9096538136798529,0.8342798141498637,0.9252791296900865,0.9938590977225572,0.8945474674814684,0.99020385742189,0.0061409022790546225,0.07472087033854222,0.009796143
coronacases_003,120,0.9315187490961123,0.8718157181606554,0.9201945080114361,0.9968729851708625,0.9431251832323915,0.9927825927734485,0.0031270148307493114,0.07980549201716805,0.007217407
coronacases_003,121,0.920294117648231,0.852356306187623,0.894511149231146,0.9972113865695263,0.9476075106012233,0.9917297363281377,0.002788613432085514,0.10548885079744172,0.008270264
coronacases_003,122,0.9407955596678879,0.888209606990154,0.9422483014224136,0.9968377797040084,0.9393472906422615,0.994140625000009,0.003162220297596773,0.05775169860846968,0.005859375
coronacases_003,123,0.9425028184902158,0.89125799573892,0.9490755757395694,0.9967975917890305,0.9360204734505432,0.9945526123046958,0.003202408212570729,0.050924424292866546,0.0054473877
coronacases_003,124,0.9515122419594894,0.9075091575119808,0.9510556621896655,0.9975965390161872,0.951969260328147,0.9953765869140696,0.0024034609854151523,0.048944337842324236,0.004623413
coronacases_003,125,0.933689660933127,0.8756265664199365,0.9439378588333692,0.9963084298841449,0.9236615994737719,0.9939422607421967,0.0036915701174531496,0.05606214120040317,0.0060577393
coronacases_003,126,0.9171656686640525,0.8470046082996312,0.9415983606577323,0.9947770253002894,0.8939688715987688,0.9924011230468865,0.005222974701307784,0.05840163937642071,0.007598877
coronacases_003,127,0.9361930294917571,0.880040322584676,0.9772388059709985,0.9952908234695251,0.8984562607238952,0.9945526123046958,0.004709176532065818,0.022761194066314883,0.0054473877
coronacases_003,128,0.9328859060415197,0.8742138364823825,0.9484457922688231,0.9964386784953473,0.9178283198856263,0.9945068359375083,0.0035613215062425493,0.05155420776908438,0.005493164
coronacases_003,129,0.9332550401265756,0.8748623853256932,0.9562775772179591,0.9963199720825526,0.9113149847128702,0.9947967529296955,0.0036800279190335483,0.043722422822153134,0.005203247
coronacases_003,130,0.9259924197102335,0.8621842496336484,0.9756200084079184,0.995044096458041,0.8811693242262274,0.9943389892578212,0.004955903543542354,0.024379991634116017,0.0056610107
coronacases_003,131,0.9067813972565707,0.8294602698714595,0.9718928414592932,0.9938190613193477,0.8498463901747371,0.993057250976573,0.0061809386822330725,0.02810715858462419,0.006942749
coronacases_003,132,0.921237993598266,0.8539770478886436,0.9382608695679017,0.9964102726295205,0.9048218029390012,0.994369506835946,0.0035897273720608674,0.06173913047557656,0.005630493
coronacases_003,133,0.9146137287750631,0.8426619656305571,0.9502982107380568,0.9959542849946541,0.8815122176172655,0.9945526123046958,0.004045715006920148,0.04970178931164503,0.0054473877
coronacases_003,134,0.9092711948460765,0.8336363636439257,0.9216080402049444,0.9966953073364229,0.8972602739776292,0.9944152832031335,0.0033046926651507493,0.07839195984530693,0.005584717
coronacases_003,135,0.902127659576918,0.8217054263647194,0.9307851239705173,0.9959591194968617,0.8751821272522982,0.9940338134765716,0.004040880504710628,0.06921487608113559,0.0059661865
coronacases_003,136,0.9085513892660223,0.8324270884907352,0.9568181818206354,0.9958761916708544,0.864920390351057,0.9948272705078204,0.004123808330713554,0.04318181823618285,0.0051727295
coronacases_003,137,0.9072810011402935,0.8302967204669288,0.9421145894895384,0.9964287392509806,0.8749314317128397,0.9950256347656325,0.0035712607505857005,0.05788541056952832,0.0049743652
coronacases_003,138,0.927627800116955,0.8650241028460084,0.9461042765116517,0.9974933024174004,0.9098591549346559,0.9961547851562559,0.0025066975841662774,0.05389572354693053,0.0038452148
coronacases_003,139,0.9046831955949123,0.8259557344151934,0.8904555314593029,0.9977391195126581,0.9193729003404606,0.9947204589843831,0.0022608804889118557,0.10954446859492709,0.005279541
coronacases_003,140,0.9024037069243439,0.8221635883998858,0.9042367962911064,0.9973046244495678,0.9005780346878278,0.9948577880859454,0.0026953755519992864,0.0957632037669319,0.005142212
coronacases_003,141,0.8785845027492806,0.7834602829279945,0.893300248145577,0.996464551655096,0.8643457383034606,0.9939270019531342,0.003535448346468407,0.10669975191645782,0.006072998
coronacases_003,142,0.8903982710747022,0.8024485253309711,0.9001248439513031,0.9969499796665359,0.8808796579180892,0.9945831298828207,0.0030500203350282322,0.0998751561111189,0.00541687
coronacases_003,143,0.9211457998094256,0.853818615760512,0.935294117651288,0.9977189638471429,0.9074191502912227,0.9962615966796932,0.0022810361544194587,0.0647058824140715,0.0037384033
coronacases_003,144,0.9255455712475755,0.8614097969019469,0.9381912817216531,0.9978593415522151,0.9132362254646462,0.9964599609375054,0.002140658449347426,0.06180871834340866,0.003540039
coronacases_003,145,0.932994601462909,0.8744047619122378,0.9551365409652057,0.9977811806618991,0.911855990073752,0.9967803955078174,0.0022188193396633976,0.04486345909981381,0.0032196045
coronacases_003,146,0.9354939233426147,0.878805620615995,0.9487989886252339,0.9980298339431497,0.922556853108632,0.9968414306640673,0.0019701660584139063,0.05120101143797717,0.0031585693
coronacases_003,147,0.9188490139049839,0.849880382784098,0.9517749497688027,0.9972050028886885,0.8881250000069922,0.9961700439453184,0.002794997112872921,0.04822505029817648,0.003829956
coronacases_003,148,0.9258278145719925,0.8618988902674538,0.9542662116072174,0.9975495934198038,0.8990353697814125,0.9965820312500052,0.0024504065817570345,0.045733788461042056,0.0034179688
coronacases_003,149,0.8949011446446444,0.809792843703089,0.915542938260075,0.9971306937795357,0.8751696065213589,0.9953765869140696,0.0028693062220236883,0.0844570618108973,0.004623413
coronacases_003,150,0.9035120147909977,0.8240053944825351,0.9236583522355511,0.9975082927133174,0.8842257597768288,0.9960174560546936,0.002491707288239933,0.07634164784003464,0.003982544
coronacases_003,151,0.9060970182507301,0.8283157038382167,0.9649289099559308,0.9973015306834613,0.8540268456498299,0.9967803955078174,0.002698469318089517,0.03507109013885582,0.0032196045
coronacases_003,152,0.9309556470081869,0.8708297690444113,0.9514018691634203,0.9984643067663599,0.9113697403839417,0.997695922851566,0.0015356932351913632,0.04859813093003756,0.0023040771
coronacases_003,153,0.9082931110176264,0.8319935691453382,0.8831058020577555,0.9988813622521924,0.9349593495993713,0.9968109130859424,0.00111863774936126,0.11689419802756874,0.003189087
coronacases_003,154,0.8948306595412286,0.8096774193701872,0.9296296296361453,0.9975176864838068,0.8625429553382694,0.9963989257812554,0.0024823135177446903,0.07037037045644717,0.0036010742
coronacases_003,155,0.87527939204849,0.7782193958840843,0.9149532710359856,0.9970837340613702,0.8389031705365121,0.995742797851569,0.0029162659401810002,0.08504672905747225,0.004257202
coronacases_003,156,0.8111111111206509,0.6822429906812028,0.8569903948925304,0.9962847722101019,0.7698945350172679,0.9942932128906337,0.003715227791446129,0.1430096052141932,0.005706787
coronacases_003,157,0.76016830296212,0.6131221719894658,0.8658146965070583,0.9960252657525867,0.6775000000403125,0.994781494140633,0.003974734248953975,0.13418530365268605,0.005218506
coronacases_003,158,0.8252501924691878,0.7024901704190707,0.8521462639344759,0.9979355077264426,0.8000000000298507,0.9965362548828178,0.002064492275098118,0.14785373622450657,0.0034637451
coronacases_003,159,0.7598842816046398,0.6127527216776435,0.8621444201614563,0.9971419351864701,0.6793103448828776,0.9962005615234433,0.002858064815066522,0.137855580057362,0.0037994385
coronacases_003,160,0.756696428598583,0.6086175943252033,0.8782383420004564,0.9973752877973947,0.6647058824186851,0.9966735839843801,0.0026247122041402537,0.12176165825861096,0.003326416
coronacases_003,161,0.7875848690797685,0.6496000000560641,0.7945205479854167,0.9982468281430246,0.7807692308113906,0.9966583251953176,0.0017531718585132592,0.20547945221027797,0.0033416748
coronacases_003,162,0.8384030418404559,0.721767594153557,0.9074074074264594,0.9980784012298262,0.7791519435019167,0.997406005859379,0.001921598771711112,0.09259259277930193,0.0025939941
coronacases_003,163,0.8192771084518798,0.6938775510724698,0.9107142857342155,0.9978490658800426,0.7445255474918749,0.9972534179687542,0.0021509341214937454,0.08928571448899872,0.002746582
coronacases_003,164,0.8322981366633232,0.7127659574977366,0.8758169934911074,0.9983865267298763,0.7928994083248719,0.9975280761718788,0.00161347327166032,0.12418300672675751,0.0024719238
coronacases_003,165,0.7858627858850454,0.6472602740330035,0.8790697674699838,0.9976346266089183,0.7105263158438861,0.9968566894531298,0.0023653733926176307,0.12093023276257436,0.0031433105
coronacases_003,166,0.8243093922846066,0.7011278196050512,0.958868894612116,0.9978049641579846,0.7228682171079713,0.9975738525390662,0.0021950358435504397,0.041131105644953446,0.0024261475
coronacases_003,167,0.7969151671212191,0.6623931624653007,0.8882521490291542,0.9981744826422474,0.7226107226753822,0.9975891113281287,0.0018255173592866283,0.11174785125737884,0.0024108887
coronacases_003,168,0.8263157894965374,0.7040358745058216,0.897142857172245,0.9985272911361358,0.7658536585936943,0.9979858398437531,0.0014727088653982868,0.10285714311346938,0.0020141602
coronacases_003,169,0.8640776699249065,0.760683760751942,1.0,0.9987130184314166,0.760683760751942,0.998718261718752,0.0012869815701155418,3.7453183506571837e-10,0.0012817383
coronacases_003,170,0.90590111644244,0.827988338242569,0.9250814332491591,0.9994480982385144,0.8875000000351563,0.9990997314453138,0.0005519017630186698,0.07491856707657375,0.00090026855
coronacases_003,171,0.9163763066347776,0.8456591640367656,0.963369963383381,0.9994177405267924,0.8737541528658624,0.9992675781250011,0.0005822594747397726,0.036630036982919396,0.0007324219
coronacases_003,172,0.8862745098262207,0.7957746479592342,0.9416666666909722,0.9993261455525617,0.8370370370973936,0.9991149902343763,0.0006738544489698085,0.05833333372569444,0.00088500977
coronacases_003,173,0.7565543072072829,0.6084337351756424,0.9266055046544903,0.9991288000366835,0.6392405065574427,0.999008178710939,0.0008711999648449857,0.07339449626294083,0.0009918213
coronacases_003,174,0.8181818182851239,0.6923076926035503,0.8470588237093426,0.9997097064979913,0.7912087914382321,0.9995117187500008,0.0002902935035365536,0.15294117746712804,0.00048828125
coronacases_003,175,0.6857142859387755,0.5217391309546314,0.6075949372055761,0.9998013963365265,0.7868852462510078,0.999328613281251,0.00019860366500114792,0.3924050640602468,0.0006713867
coronacases_003,176,0.6666666670498085,0.500000000862069,0.6444444452345679,0.9998014994426718,0.690476191213152,0.9995574951171882,0.00019850055885511214,0.35555555698765434,0.00044250488
coronacases_003,177,0.30508474694053433,0.18000000164,0.18000000164,1.0,1.0,0.9993743896484385,1.527043948322501e-12,0.82000000036,0.00062561035
coronacases_003,178,6.666666622222223e-09,6.666666622222223e-09,6.666666622222223e-09,1.0,1.0,0.9997711181640628,1.5262282321675091e-12,1.0,0.00022888184
coronacases_003,179,1.0,1.0,1.0,1.0,1.0,1.0,1.5258789062476717e-12,1.0,0.0
coronacases_003,180,1.0,1.0,1.0,1.0,1.0,1.0,1.5258789062476717e-12,1.0,0.0
coronacases_003,181,1.0,1.0,1.0,1.0,1.0,1.0,1.5258789062476717e-12,1.0,0.0
coronacases_003,182,1.0,1.0,1.0,1.0,1.0,1.0,1.5258789062476717e-12,1.0,0.0
coronacases_003,183,1.0,1.0,1.0,1.0,1.0,1.0,1.5258789062476717e-12,1.0,0.0
coronacases_003,184,1.0,1.0,1.0,1.0,1.0,1.0,1.5258789062476717e-12,1.0,0.0
coronacases_003,185,1.0,1.0,1.0,1.0,1.0,1.0,1.5258789062476717e-12,1.0,0.0
coronacases_003,186,1.0,1.0,1.0,1.0,1.0,1.0,1.5258789062476717e-12,1.0,0.0
coronacases_003,187,1.0,1.0,1.0,1.0,1.0,1.0,1.5258789062476717e-12,1.0,0.0
coronacases_003,188,1.0,1.0,1.0,1.0,1.0,1.0,1.5258789062476717e-12,1.0,0.0
coronacases_003,189,1.0,1.0,1.0,1.0,1.0,1.0,1.5258789062476717e-12,1.0,0.0
radiopaedia_36,0,0.4653465347858053,0.3032258066763787,0.5340909093556302,0.997949816401472,0.41228070201215755,0.996704101562505,0.002050183600058063,0.46590909121255164,0.0032958984
radiopaedia_36,1,0.5317647059925259,0.3621794873839168,0.579487179702827,0.9982093937956288,0.491304348047259,0.9969635009765672,0.0017906062059016687,0.4205128208099934,0.003036499
radiopaedia_36,2,0.4967880086730646,0.33048433067507565,0.5321100919577476,0.9979638078324536,0.4658634540297737,0.9964141845703179,0.002036192169077381,0.4678899085009679,0.0035858154
radiopaedia_36,3,0.44025157267908704,0.2822580650949532,0.35000000065000003,0.9996332294150014,0.5932203396725079,0.9986419677734396,0.00036677058652673336,0.6500000003499999,0.0013580322
radiopaedia_36,4,0.34645669317068634,0.20952380990022676,0.275000000453125,0.999235193343124,0.4680851069488457,0.9974670410156289,0.000764806658405585,0.7250000001718749,0.002532959
radiopaedia_36,5,0.41379310358303606,0.260869565431632,0.360000000256,0.9985448641362642,0.48648648676406137,0.9961090087890684,0.0014551358652675074,0.6400000001439999,0.0038909912
radiopaedia_36,6,0.6120996442661566,0.44102564131229455,0.7610619471141045,0.9987466181618104,0.5119047621952948,0.99833679199219,0.0012533818397180603,0.2389380537708513,0.001663208
radiopaedia_36,7,0.26382978754730646,0.151960784729431,0.2897196268320378,0.9985174769597601,0.24218750059204103,0.9973602294921915,0.0014825230417682027,0.7102803741025417,0.0026397705
radiopaedia_36,8,0.4840000001032,0.31926121389993106,0.4801587303650164,0.9980546535138808,0.4879032260129422,0.996063232421881,0.001945346487650963,0.519841270031809,0.0039367676
radiopaedia_36,9,0.5909752547902511,0.41942148772326,0.583333333453065,0.9979137264527246,0.5988200591153923,0.995712280273444,0.0020862735488094645,0.41666666683429116,0.0042877197
radiopaedia_36,10,0.5710491368431542,0.3996282528996974,0.754385964998461,0.9961226647867525,0.4594017095172218,0.99507141113282,0.003877335214780038,0.24561403535241608,0.004928589
radiopaedia_36,11,0.5086505191161504,0.3410672855357152,0.8212290503792017,0.9961442538672275,0.36842105278986936,0.9956665039062567,0.0038557461343025905,0.17877095017945757,0.004333496
radiopaedia_36,12,0.6421207658848129,0.4728850326523026,0.5844504022561795,0.9986495403833484,0.7124183007475756,0.9962921142578182,0.001350459618186163,0.41554959801191693,0.0037078857
radiopaedia_36,13,0.7340267459533394,0.5798122066714055,0.7222222223034437,0.9987115378715853,0.7462235650313523,0.9972686767578167,0.0012884621299486326,0.2777777779889538,0.0027313232
radiopaedia_36,14,0.6471816284108987,0.4783950617686423,0.9465648855043413,0.9901203742235938,0.49167327521874116,0.9896850585937658,0.009879625777947505,0.05343511464833052,0.010314941
radiopaedia_36,15,0.6844961240432367,0.5203299941355138,0.9284963196710309,0.98844933033988,0.5420503376585604,0.987579345703144,0.011550669661668265,0.07150368043412159,0.012420654
radiopaedia_36,16,0.6325947105206364,0.4626241505769668,0.9247648902899932,0.9851964260828052,0.4807170016577557,0.984313964843774,0.014803573918743238,0.07523510981449999,0.015686035
radiopaedia_36,17,0.6334164588659276,0.4635036496630081,0.9538626609491564,0.9847377871339472,0.4741333333613795,0.9842987060547115,0.01526221286760067,0.04613733915813977,0.015701294
radiopaedia_36,18,0.6763285024310953,0.5109489051451862,0.9845288326322744,0.9898341689163288,0.5150846210805676,0.9897766113281407,0.01016583108521378,0.01547116750837255,0.010223389
radiopaedia_36,19,0.6508250825312987,0.4823874755888075,0.962890625007248,0.9921567421259964,0.491525423779509,0.9919281005859498,0.00784325787554158,0.03710937518806458,0.008071899
radiopaedia_36,20,0.7031802120403551,0.542234332487434,0.8708971553893005,0.9957436346594205,0.5896296296904253,0.9948730468750078,0.004256365342116111,0.12910284482951798,0.005126953
radiopaedia_36,21,0.5810526316230471,0.40949554904903634,0.6418604651995673,0.9962522655362083,0.5307692308594676,0.9939270019531342,0.0037477344653276995,0.3581395350329908,0.006072998
radiopaedia_36,22,0.628637951149169,0.4584040747948381,0.7714285714938776,0.9963335685576714,0.5304518664969643,0.9951324462890699,0.0036664314438626905,0.2285714287918367,0.0048675537
radiopaedia_36,23,0.5721854305202404,0.4007421151390089,0.9075630252489231,0.9953903641765515,0.41779497109907254,0.99507141113282,0.004609635824979924,0.09243697517124498,0.004928589
radiopaedia_36,24,0.6656804734222367,0.49889135266099965,0.9297520661447306,0.9967990933317046,0.5184331798344624,0.9965515136718802,0.003200906669826935,0.0702479342684926,0.0034484863
radiopaedia_36,25,0.7445652174260101,0.5930735931616724,0.9856115107965426,0.9971804223237041,0.598253275196888,0.9971313476562543,0.002819577677828282,0.014388489563169607,0.0028686523
radiopaedia_36,26,0.687083888190801,0.5233265721048019,1.0,0.996400012255283,0.5233265721048019,0.9964141845703179,0.0035999877462489656,3.875968990745748e-10,0.0035858154
radiopaedia_36,27,0.6503496504107781,0.481865285108325,0.925373134365486,0.9971684395806273,0.5013477090292863,0.9969482421875047,0.002831560420903296,0.07462686613202643,0.0030517578
radiopaedia_36,28,0.6539923955688242,0.48587570650515494,0.7818181820165289,0.9989759422859429,0.5620915035541886,0.9986114501953146,0.0010240577155855102,0.218181818892562,0.0013885498
radiopaedia_36,29,0.6396761134332639,0.47023809539576245,0.8876404495013256,0.9975825453655289,0.5000000001582278,0.9972839355468791,0.0024174546360010746,0.11235955106047217,0.0027160645
radiopaedia_36,30,0.5161290323361083,0.34782608709829865,1.0,0.9954111600587442,0.34782608709829865,0.995422363281257,0.004588839942785443,6.24999999609375e-10,0.0045776367
radiopaedia_36,31,0.5889328064053493,0.41736694694191395,1.0,0.9968189395445627,0.41736694694191395,0.9968261718750049,0.0031810604569667044,6.711409391468853e-10,0.0031738281
radiopaedia_36,32,0.6639004150772198,0.4968944102503761,0.5263157897853186,0.9998623516456627,0.898876404608004,0.9987640380859394,0.00013764835586666823,0.4736842108725762,0.0012359619
radiopaedia_36,33,1.0,1.0,1.0,1.0,1.0,1.0,1.5258789062476717e-12,1.0,0.0
radiopaedia_36,34,1.0,1.0,1.0,1.0,1.0,1.0,1.5258789062476717e-12,1.0,0.0
radiopaedia_36,35,1.0,1.0,1.0,1.0,1.0,1.0,1.5258789062476717e-12,1.0,0.0
radiopaedia_36,36,1.0,1.0,1.0,1.0,1.0,1.0,1.5258789062476717e-12,1.0,0.0
radiopaedia_36,37,1.0,1.0,1.0,1.0,1.0,1.0,1.5258789062476717e-12,1.0,0.0
radiopaedia_36,38,1.0,1.0,1.0,1.0,1.0,1.0,1.5258789062476717e-12,1.0,0.0
radiopaedia_36,39,1.0,1.0,1.0,1.0,1.0,1.0,1.5258789062476717e-12,1.0,0.0
radiopaedia_36,40,1.0,1.0,1.0,1.0,1.0,1.0,1.5258789062476717e-12,1.0,0.0
radiopaedia_36,41,9.999999900000002e-09,9.999999900000002e-09,9.999999900000002e-09,1.0,1.0,0.9998474121093752,1.5261117724238834e-12,1.0,0.00015258789
radiopaedia_36,42,1.0,1.0,1.0,1.0,1.0,1.0,1.5258789062476717e-12,1.0,0.0
radiopaedia_36,43,1.0,1.0,1.0,1.0,1.0,1.0,1.5258789062476717e-12,1.0,0.0
radiopaedia_36,44,1.0,1.0,1.0,1.0,1.0,1.0,1.5258789062476717e-12,1.0,0.0
