threshold,min_area,dice,iou,sensitivity,specificity,precision,mae
0.1,0,0.79608583,0.7077634,0.824035,0.9964058,0.8365951,0.0060050846
0.1,5,0.7953913,0.7072265,0.823417,0.9964076,0.8362746,0.006006587
0.1,10,0.79536223,0.70718676,0.8232194,0.99641424,0.8364093,0.0060062706
0.15000000000000002,0,0.79331464,0.7060276,0.8099939,0.99675936,0.8490822,0.0059283953
0.15000000000000002,5,0.79310435,0.70590544,0.80974996,0.99676156,0.8509032,0.005928316
0.1,20,0.7919583,0.7048561,0.8200066,0.9964427,0.8391081,0.0060139396
0.05,0,0.7917175,0.70170003,0.8449891,0.9957804,0.808945,0.0062279576
0.05,20,0.79167086,0.70297414,0.839496,0.99581623,0.816064,0.0062275627
0.05,5,0.7912368,0.7012503,0.8444425,0.99578464,0.80900264,0.0062274043
0.15000000000000002,10,0.7912327,0.7046748,0.8082922,0.9967697,0.8509096,0.0059323483
0.2,5,0.7910997,0.70467097,0.80011463,0.99702495,0.86008686,0.0058848327
0.2,0,0.7910978,0.7046693,0.80016124,0.99702305,0.8600334,0.0058844374
0.05,10,0.79032147,0.7005189,0.8435401,0.9957893,0.81071305,0.0062289857
0.2,10,0.78957903,0.7036452,0.7989052,0.9970328,0.8601353,0.005890841
0.25,0,0.78928053,0.7029938,0.79139,0.99724394,0.8679174,0.005867044
0.25,5,0.7892494,0.70294267,0.7913012,0.99724644,0.8679495,0.0058689415
0.1,30,0.7880077,0.7018467,0.8149116,0.99646246,0.8395842,0.00603916
0.15000000000000002,20,0.7880067,0.70216584,0.80463034,0.99678695,0.8503174,0.005948477
0.25,10,0.78741235,0.70167345,0.7898086,0.9972525,0.86775434,0.0058740806
0.05,30,0.787341,0.69972444,0.83381313,0.9958505,0.8170665,0.006239817
0.2,20,0.78686595,0.7012224,0.79533345,0.99704456,0.85889924,0.0059132157
0.3,0,0.7868023,0.70066005,0.7832865,0.9974275,0.87399846,0.0058816704
0.3,5,0.7859425,0.7001509,0.7827308,0.99742943,0.8740132,0.0058832513
0.15000000000000002,30,0.78540975,0.69986105,0.80116445,0.99680215,0.85061944,0.0059804968
0.3,10,0.7846527,0.6990672,0.78117514,0.99743354,0.8733002,0.005890525
0.35000000000000003,0,0.7845488,0.6985955,0.7758345,0.99759,0.87978524,0.0058977194
0.2,30,0.78449136,0.69904995,0.7922438,0.9970577,0.85942304,0.0059431796
0.25,20,0.7841254,0.6989393,0.78587276,0.99726236,0.8671592,0.005900487
0.35000000000000003,5,0.78363395,0.6980372,0.77523977,0.9975915,0.8797528,0.0058998545
0.3,20,0.7829554,0.69758,0.7790366,0.9974438,0.87365884,0.0059140064
0.4,0,0.78236943,0.69646496,0.76884055,0.99773884,0.8851014,0.0059222286
0.35000000000000003,10,0.7821686,0.6969791,0.77376664,0.9975945,0.87934315,0.005907207
0.4,5,0.78151613,0.6959551,0.76827955,0.99774003,0.8851089,0.0059246
0.35000000000000003,20,0.7805132,0.69549465,0.7719029,0.9976001,0.8793725,0.005936934
0.4,10,0.78044486,0.69509447,0.767099,0.9977424,0.8845915,0.005931795
0.45,0,0.77973264,0.6941254,0.76204604,0.99787354,0.8898153,0.005953853
0.4,20,0.7791932,0.69398016,0.7657681,0.99774563,0.88460195,0.005957648
0.25,30,0.7790159,0.69541085,0.78190523,0.99727416,0.86914253,0.0059309253
0.45,5,0.77844,0.6933218,0.76109177,0.9978745,0.88947505,0.0059573315
0.45,10,0.7783347,0.6931751,0.7608367,0.9978759,0.88953507,0.005962866
0.3,30,0.777592,0.6936513,0.7746974,0.99745655,0.87532353,0.0059540113
0.1,50,0.777395,0.6933972,0.80314493,0.996521,0.8467735,0.0061097615
0.05,50,0.77701306,0.6919902,0.8224863,0.9959078,0.82731384,0.006320143
0.45,20,0.77669877,0.69176376,0.75923926,0.997879,0.8898045,0.0059921187
0.5,0,0.776515,0.6910495,0.7545748,0.9980076,0.89496547,0.0059990757
0.5,5,0.7764488,0.6909611,0.754451,0.99800855,0.89497066,0.0060011316
0.5,10,0.7761945,0.6906583,0.75400996,0.99800986,0.8949683,0.0060061123
0.35000000000000003,30,0.7751846,0.6914732,0.7675412,0.99761075,0.88006014,0.0059763063
0.05,75,0.7743647,0.68901694,0.81362015,0.99603564,0.83049285,0.0063346904
0.5,20,0.77425826,0.68907285,0.7522847,0.9980142,0.8950689,0.0060350485
0.55,0,0.7741094,0.6882636,0.74785036,0.99813205,0.8995017,0.0060490426
0.55,5,0.77402145,0.688153,0.7477213,0.99813235,0.8994846,0.006051177
0.4,30,0.77384466,0.68988186,0.761341,0.9977555,0.8853357,0.006001764
0.55,10,0.77379435,0.6879042,0.7473671,0.998134,0.8995327,0.0060569486
0.2,50,0.77377445,0.6905165,0.7816497,0.9970977,0.8657225,0.006021371
0.15000000000000002,50,0.7736769,0.69050235,0.7892553,0.99685234,0.8576082,0.0060568694
0.25,50,0.7716904,0.6889358,0.773601,0.99730957,0.87442887,0.006006903
0.45,30,0.771536,0.6879065,0.7548376,0.99788916,0.8935855,0.006031491
0.3,50,0.77098286,0.6879709,0.76709396,0.9974959,0.88035995,0.006026747
0.6000000000000001,0,0.7707311,0.6847369,0.7407275,0.99824864,0.90256023,0.006108101
0.6000000000000001,5,0.77065426,0.68464386,0.7406173,0.9982493,0.90255296,0.006109603
0.6000000000000001,10,0.7704063,0.684422,0.74032754,0.99825007,0.9024464,0.006118063
0.55,20,0.7698238,0.68510896,0.74445933,0.9981393,0.8997578,0.006086043
0.35000000000000003,50,0.76943386,0.68621147,0.76034933,0.9976574,0.88576084,0.006054814
0.5,30,0.76853245,0.68494457,0.747599,0.99802506,0.8994351,0.0060728397
0.6500000000000001,0,0.76759225,0.68130744,0.7337209,0.99836046,0.9067339,0.006178782
0.6500000000000001,5,0.7675593,0.6812613,0.7336668,0.9983606,0.9067264,0.006180284
0.6500000000000001,10,0.76749647,0.6811597,0.7334994,0.9983615,0.90680104,0.006187083
0.4,50,0.7671885,0.68369716,0.75303876,0.9978008,0.89038384,0.00608968
0.1,75,0.7671632,0.68498665,0.790028,0.99661744,0.8533942,0.0061696107
0.6000000000000001,20,0.7670831,0.6821025,0.7379016,0.9982547,0.90291554,0.006144074
0.55,30,0.7667668,0.68271446,0.74152887,0.99815047,0.9039643,0.0061186953
0.05,100,0.7650759,0.6805206,0.7990841,0.99613994,0.8358776,0.0063928002
0.15000000000000002,75,0.76492655,0.68254644,0.7766614,0.99694633,0.8625308,0.0061369585
0.2,75,0.7643425,0.68199956,0.7685315,0.9971938,0.8706365,0.006103832
0.7000000000000001,0,0.76432365,0.6774072,0.72639203,0.99846935,0.9112639,0.0062671723
0.7000000000000001,5,0.7642834,0.67734396,0.726321,0.99846953,0.9112658,0.006269544
0.7000000000000001,10,0.76411575,0.677133,0.7260392,0.9984705,0.91129,0.006276659
0.6000000000000001,30,0.7639763,0.6795238,0.7345576,0.99826986,0.90724015,0.006177596
0.6500000000000001,20,0.7635644,0.6784878,0.7306753,0.9983668,0.9078408,0.0062119085
0.25,75,0.7618294,0.68010604,0.7602003,0.9973988,0.8773979,0.0061003533
0.45,50,0.76168996,0.6791627,0.7439926,0.99794203,0.8990558,0.006133954
0.7000000000000001,20,0.76046276,0.67461777,0.72327685,0.9984782,0.91168815,0.006302117
0.6500000000000001,30,0.76001173,0.6757924,0.7273053,0.99838114,0.9147405,0.0062430585
0.7500000000000001,0,0.7599163,0.67263603,0.71775067,0.9985933,0.91531926,0.006363785
0.7500000000000001,5,0.7598681,0.67256814,0.7176426,0.9985937,0.91534674,0.0063663935
0.3,75,0.7594355,0.6778864,0.75237215,0.9975928,0.88641214,0.006124783
0.7500000000000001,10,0.7591877,0.67212206,0.7171294,0.9985962,0.91540456,0.006372877
0.5,50,0.75867474,0.67642015,0.7373572,0.9980646,0.9036025,0.006174196
0.1,100,0.7584415,0.6761589,0.77691585,0.99668723,0.8539087,0.006269544
0.35000000000000003,75,0.7575289,0.67567223,0.7451886,0.99773616,0.8907338,0.0061629694
0.15000000000000002,100,0.756601,0.67487156,0.76514494,0.9970134,0.8669603,0.006214201
0.7000000000000001,30,0.7562969,0.671473,0.7194846,0.9984899,0.91812104,0.0063304207
0.55,50,0.75628173,0.6737933,0.7303791,0.99818623,0.90759134,0.0062126988
0.8,0,0.7554639,0.6678312,0.709004,0.99871165,0.92086893,0.0064776326
0.8,5,0.75544107,0.6678138,0.70894593,0.99871254,0.9209217,0.0064785816
0.6000000000000001,50,0.7542672,0.6711957,0.72429484,0.99830747,0.91145,0.0062598987
0.7500000000000001,20,0.7541879,0.6688242,0.71340066,0.9986027,0.9223858,0.0063967532
0.2,100,0.75409,0.67267376,0.7547065,0.99725205,0.8725688,0.0061886646
0.4,75,0.7540528,0.6719721,0.736858,0.9978731,0.8939555,0.006198389
0.45,75,0.7533578,0.6710453,0.73232484,0.99799335,0.8986821,0.006223372
0.8,10,0.7526964,0.66615397,0.70720273,0.9987153,0.9246208,0.0064892545
0.7500000000000001,30,0.7518502,0.6664771,0.71073484,0.9986103,0.92271984,0.0064396043
0.6500000000000001,50,0.7515031,0.6680341,0.7178661,0.9984129,0.91505957,0.006331686
0.8,20,0.75095904,0.664816,0.70557576,0.9987203,0.9275116,0.00651155
0.8500000000000001,0,0.75008917,0.6617992,0.69873947,0.99884033,0.9303477,0.0066287974
0.25,100,0.7497674,0.6690139,0.7449312,0.9974642,0.87974733,0.006190957
0.8500000000000001,5,0.74946064,0.66141135,0.69832504,0.998841,0.93035114,0.0066340948
0.8500000000000001,10,0.7485274,0.6608047,0.69768924,0.99884224,0.9303455,0.006639945
0.8,30,0.74815375,0.6618857,0.70225793,0.9987276,0.92763937,0.006553294
0.5,75,0.7468214,0.6656456,0.72305423,0.9981128,0.9038231,0.006279822
0.8500000000000001,20,0.74639213,0.65928465,0.69595265,0.99884695,0.9329932,0.006659157
0.7000000000000001,50,0.7463643,0.662782,0.7091672,0.99851745,0.91811913,0.0064305915
0.55,75,0.7450024,0.66340035,0.7173328,0.99823,0.9078856,0.0063310536
0.8500000000000001,30,0.7434906,0.65641195,0.6927674,0.9988525,0.9331461,0.006707068
0.6000000000000001,75,0.74230564,0.6600315,0.7106411,0.99833614,0.91097134,0.006391851
0.9000000000000001,0,0.74211794,0.65277565,0.68489105,0.99898154,0.936367,0.0068464526
0.9000000000000001,5,0.7414744,0.65240836,0.68451685,0.998982,0.9363715,0.0068489825
0.9000000000000001,10,0.7413521,0.65228975,0.6843681,0.99898374,0.9363984,0.006852303
0.7500000000000001,50,0.7410767,0.6573895,0.70015275,0.9986392,0.92271453,0.006535347
0.3,100,0.7404685,0.6611565,0.7311346,0.9976416,0.88910246,0.006274604
0.35000000000000003,100,0.73974705,0.66001755,0.7259628,0.99778247,0.8936652,0.0063154786
0.8,50,0.7379758,0.653329,0.6923904,0.9987515,0.9274936,0.0066453214
0.9000000000000001,20,0.7379332,0.64964443,0.68148255,0.9989885,0.9394284,0.0068799746
0.6500000000000001,75,0.7370199,0.6556721,0.7032711,0.99844015,0.91566014,0.006475182
0.4,100,0.7361924,0.656216,0.7178291,0.99791384,0.8969487,0.00636165
0.8500000000000001,50,0.7341854,0.6483654,0.68348545,0.99887794,0.93270683,0.006788659
0.45,100,0.7340523,0.65448946,0.712792,0.998033,0.90177137,0.006394144
0.9000000000000001,30,0.7315448,0.64466256,0.67613107,0.998997,0.9385406,0.0069270157
0.7000000000000001,75,0.73022264,0.64920145,0.6934444,0.9985431,0.91875905,0.006587607
0.5,100,0.7293744,0.65081227,0.70535916,0.99815583,0.90572363,0.006437865
0.9000000000000001,50,0.7270803,0.64033294,0.6705327,0.99901503,0.93816125,0.0070075793
0.7500000000000001,75,0.7265973,0.6446812,0.68524265,0.99866515,0.9228992,0.0066887257
0.55,100,0.72588754,0.6479534,0.699242,0.99827456,0.91477853,0.0064921007
0.8,75,0.723727,0.6408226,0.67786056,0.99878484,0.92748,0.0068098474
0.6000000000000001,100,0.71770716,0.64137334,0.68906003,0.9983911,0.923683,0.0065604886
0.8500000000000001,75,0.7147389,0.6329564,0.6660199,0.9989115,0.9361245,0.006959668
0.6500000000000001,100,0.71051866,0.63423574,0.67791796,0.99849343,0.9266675,0.006637336
0.7000000000000001,100,0.70877093,0.631711,0.67271054,0.99859166,0.9296322,0.0067256475
0.9000000000000001,75,0.70607257,0.6243171,0.6531689,0.999046,0.94708693,0.007175426
0.7500000000000001,100,0.70240647,0.62591136,0.6632833,0.99871236,0.93613905,0.0068362537
0.8,100,0.69504225,0.61838454,0.652009,0.99882865,0.9408114,0.0069565848
0.8500000000000001,100,0.687122,0.6100663,0.6397455,0.9989513,0.9461209,0.0071294913
0.9000000000000001,100,0.68013656,0.6022059,0.62790376,0.9990821,0.95335853,0.007352681
